"","PLAYER","TEAM","AGE","POS","HANDED","GP","G","A","P","P/GP","+/-","Sh","Sh%","TOI","W","L","SO","GAA","Sv%","CLAUSE","EXPIRY","CAP HIT","SALARY"
"1","1. Steven Stamkos","TBL",34,"LW, C","Right",79,"40","41","81","1.03","-21","262","0.15","18:13","-","-","-","-","-","NMC","UFA","$8,500,000","$6,500,000"
"2","2. Sam Reinhart","FLA",28,"RW","Right",82,"57","37","94","1.15","29","233","0.24","20:17","-","-","-","-","-","","UFA","$6,500,000","$6,500,000"
"3","3. Matt Murray","TOR",30,"G","Left",0,"-","-","-","-","-","-","-","-","0","0","0","0.00",".000","M-NTC","UFA","$6,250,000","$8,000,000"
"4","4. Tyler Myers","VAN",34,"RD","Right",77,"5","24","29","0.38","16","93","0.05","18:56","-","-","-","-","-","M-NTC","UFA","$6,000,000","$6,000,000"
"5","5. Jake Guentzel","CAR",29,"LW, RW","Left",67,"30","47","77","1.15","25","238","0.13","20:00","-","-","-","-","-","M-NTC","UFA","$6,000,000","$6,000,000"
"6","6. Adam Henrique","EDM",34,"LW, C","Left",82,"24","27","51","0.62","9","140","0.17","16:50","-","-","-","-","-","M-NTC","UFA","$5,825,000","$5,825,000"
"7","7. Anthony Mantha","VGK",29,"LW, RW","Left",74,"23","21","44","0.59","11","113","0.20","14:13","-","-","-","-","-","","UFA","$5,700,000","$6,500,000"
"8","8. Tyler Bertuzzi","TOR",29,"LW, RW","Left",80,"21","22","43","0.54","2","160","0.13","16:02","-","-","-","-","-","NMC","UFA","$5,500,000","$5,500,000"
"9","9. Teuvo Teräväinen","CAR",29,"LW, RW","Left",76,"25","28","53","0.70","15","142","0.18","16:24","-","-","-","-","-","M-NTC","UFA","$5,400,000","$5,875,000"
"10","10. Jason Zucker","NSH",32,"LW, RW","Left",69,"14","18","32","0.46","-9","150","0.09","13:49","-","-","-","-","-","","UFA","$5,300,000","$5,300,000"
"11","11. Brady Skjei","CAR",30,"LD","Left",80,"13","34","47","0.59","15","185","0.07","21:16","-","-","-","-","-","M-NTC","UFA","$5,250,000","$5,400,000"
"12","12. Jakub Vrána","STL",28,"LW","Left",21,"2","4","6","0.29","-7","42","0.05","12:07","-","-","-","-","-","","UFA","$5,250,000","$5,750,000"
"13","13. Alec Martinez","VGK",36,"LD","Left",55,"4","13","17","0.31","-2","72","0.06","19:02","-","-","-","-","-","M-NTC","UFA","$5,250,000","$5,750,000"
"14","14. Tyler Johnson","CHI",33,"RW, C, LW","Right",67,"17","14","31","0.46","-35","112","0.15","15:32","-","-","-","-","-","M-NTC","UFA","$5,000,000","$4,750,000"
"15","15. Jonathan Marchessault","VGK",33,"RW, LW","Right",82,"42","27","69","0.84","-2","266","0.16","17:53","-","-","-","-","-","M-NTC","UFA","$5,000,000","$3,500,000"
"16","16. TJ Brodie","TOR",34,"LD/RD","Left",78,"1","25","26","0.33","17","52","0.02","21:43","-","-","-","-","-","M-NTC","UFA","$5,000,000","$7,500,000"
"17","17. Vladimir Tarasenko","FLA",32,"RW","Left",76,"23","32","55","0.72","13","155","0.15","15:44","-","-","-","-","-","NTC","UFA","$5,000,000","$5,000,000"
"18","18. Elias Lindholm","VAN",29,"C, RW","Right",75,"15","29","44","0.59","-14","173","0.09","19:41","-","-","-","-","-","","UFA","$4,850,000","$4,850,000"
"19","19. Victor Olofsson","BUF",28,"RW, LW","Left",51,"7","8","15","0.29","-1","66","0.11","11:34","-","-","-","-","-","","UFA","$4,750,000","$4,750,000"
"20","20. David Perron","DET",36,"RW, LW","Right",76,"17","30","47","0.62","-12","151","0.11","15:37","-","-","-","-","-","M-NTC","UFA","$4,750,000","$5,150,000"
"21","21. Kevin Labanc","SJS",28,"RW, LW","Right",46,"2","7","9","0.20","-27","60","0.03","11:37","-","-","-","-","-","","UFA","$4,725,000","$5,875,000"
"22","22. Nikita Zaitsev","CHI",32,"RD","Right",38,"2","5","7","0.18","-5","31","0.06","15:55","-","-","-","-","-","M-NTC","UFA","$4,500,000","$4,500,000"
"23","23. Christopher Tanev","DAL",34,"RD","Right",75,"2","17","19","0.25","22","56","0.04","19:41","-","-","-","-","-","M-NTC","UFA","$4,500,000","$4,500,000"
"24","24. Tyson Barrie","NSH",32,"RD","Right",41,"1","14","15","0.37","-10","65","0.02","18:19","-","-","-","-","-","","UFA","$4,500,000","$5,000,000"
"25","25. Alexander Wennberg","NYR",29,"C","Left",79,"10","20","30","0.38","0","90","0.11","17:59","-","-","-","-","-","M-NTC","UFA","$4,500,000","$5,000,000"
"26","26. Mike Hoffman","SJS",34,"LW","Left",66,"10","13","23","0.35","-21","71","0.14","13:43","-","-","-","-","-","","UFA","$4,500,000","$5,000,000"
"27","27. Tyler Toffoli","WPG",32,"RW, LW","Right",79,"33","22","55","0.70","-6","229","0.14","16:57","-","-","-","-","-","","UFA","$4,250,000","$3,500,000"
"28","28. Viktor Arvidsson","LAK",31,"RW, LW","Right",18,"6","9","15","0.83","4","59","0.10","16:41","-","-","-","-","-","","UFA","$4,250,000","$4,250,000"
"29","29. Anthony Beauvillier","NSH",27,"RW, LW","Left",60,"5","12","17","0.28","-8","105","0.05","13:34","-","-","-","-","-","","UFA","$4,150,000","$4,150,000"
"30","30. John Klingberg","TOR",31,"RD","Right",14,"0","5","5","0.36","-7","14","0.00","20:33","-","-","-","-","-","M-NTC","UFA","$4,150,000","$4,150,000"
"31","31. Shayne Gostisbehere","DET",31,"LD/RD","Left",81,"10","46","56","0.69","-16","139","0.07","19:05","-","-","-","-","-","M-NTC","UFA","$4,125,000","$4,125,000"
"32","32. Brett Pesce","CAR",29,"RD","Right",70,"3","10","13","0.19","10","107","0.03","20:17","-","-","-","-","-","M-NTC","UFA","$4,025,000","$4,025,000"
"33","33. Jake DeBrusk","BOS",27,"RW, LW","Left",80,"19","21","40","0.50","4","183","0.10","16:49","-","-","-","-","-","","UFA","$4,000,000","$4,000,000"
"34","34. Jack Roslovic","NYR",27,"C, RW","Right",59,"9","22","31","0.53","-10","117","0.08","15:33","-","-","-","-","-","","UFA","$4,000,000","$4,000,000"
"35","35. Carter Hart","PHI",25,"G","Left",26,"-","-","-","-","-","-","-","-","12","9","1","2.80",".907","","RFA","$3,979,000","$4,479,000"
"36","36. Brenden Dillon","WPG",33,"LD","Left",77,"8","12","20","0.26","20","79","0.10","18:44","-","-","-","-","-","","UFA","$3,900,000","$4,000,000"
"37","37. Matt Dumba","TBL",29,"RD","Right",76,"4","8","12","0.16","-18","86","0.05","19:44","-","-","-","-","-","","UFA","$3,900,000","$3,900,000"
"38","38. Nikita Zadorov","VAN",29,"LD/RD","Left",75,"6","14","20","0.27","0","90","0.07","17:26","-","-","-","-","-","","UFA","$3,750,000","$3,750,000"
"39","39. Matt Grzelcyk","BOS",30,"LD","Left",63,"2","9","11","0.17","13","59","0.03","17:35","-","-","-","-","-","","UFA","$3,687,500","$4,250,000"
"40","40. Ilya Samsonov","TOR",27,"G","Left",40,"-","-","-","-","-","-","-","-","23","7","3","3.13",".890","","UFA","$3,550,000","$3,550,000"
"41","41. Joe Pavelski","DAL",39,"RW","Right",82,"27","40","67","0.82","12","194","0.14","16:48","-","-","-","-","-","NMC","UFA","$3,500,000","$3,500,000"
"42","42. Joel Edmundson","TOR",31,"LD/RD","Left",53,"1","5","6","0.11","-2","46","0.02","16:40","-","-","-","-","-","M-NTC","UFA","$3,500,000","$3,187,500"
"43","43. Brandon Montour","FLA",30,"RD","Right",66,"8","25","33","0.50","1","168","0.05","23:26","-","-","-","-","-","","UFA","$3,500,000","$5,250,000"
"44","44. Chris Driedger","SEA",30,"G","Left",2,"-","-","-","-","-","-","-","-","1","1","0","2.52",".917","M-NTC","UFA","$3,500,000","$4,500,000"
"45","45. Jeremy Swayman","BOS",25,"G","Left",44,"-","-","-","-","-","-","-","-","25","10","3","2.53",".916","","RFA","$3,475,000","$3,475,000"
"46","46. Marco Scandella","STL",34,"LD","Left",65,"2","6","8","0.12","2","42","0.05","12:28","-","-","-","-","-","M-NTC","UFA","$3,275,000","$3,000,000"
"47","47. Erik Johnson","PHI",36,"RD","Right",67,"5","1","6","0.09","-14","60","0.08","14:28","-","-","-","-","-","","UFA","$3,250,000","$3,250,000"
"48","48. Tanner Pearson","MTL",31,"LW","Left",54,"5","8","13","0.24","-12","77","0.06","12:56","-","-","-","-","-","","UFA","$3,250,000","$4,250,000"
"49","49. Kasperi Kapanen","STL",27,"RW","Right",73,"6","16","22","0.30","-5","99","0.06","14:23","-","-","-","-","-","","UFA","$3,200,000","$3,200,000"
"50","50. Matt Roy","LAK",29,"RD","Right",81,"5","20","25","0.31","21","135","0.04","20:53","-","-","-","-","-","","UFA","$3,150,000","$4,200,000"
"51","51. Justin Schultz","SEA",33,"RD","Right",70,"7","19","26","0.37","-23","100","0.07","16:28","-","-","-","-","-","M-NTC","UFA","$3,000,000","$3,000,000"
"52","52. Derek Forbort","BOS",32,"LD","Left",35,"0","4","4","0.11","8","22","0.00","17:47","-","-","-","-","-","M-NTC","UFA","$3,000,000","$3,500,000"
"53","53. Ian Cole","VAN",35,"LD/RD","Left",78,"2","9","11","0.14","10","61","0.03","18:41","-","-","-","-","-","","UFA","$3,000,000","$3,000,000"
"54","54. Matt Duchene","DAL",33,"RW, C","Left",80,"25","40","65","0.81","15","172","0.15","16:45","-","-","-","-","-","","UFA","$3,000,000","$3,000,000"
"55","55. Dylan DeMelo","WPG",31,"RD","Right",82,"3","28","31","0.38","46","83","0.04","21:43","-","-","-","-","-","M-NTC","UFA","$3,000,000","$3,500,000"
"56","56. Anthony Duclair","TBL",28,"LW, RW","Left",73,"24","18","42","0.58","-8","129","0.19","15:46","-","-","-","-","-","","UFA","$3,000,000","$4,000,000"
"57","57. Ryan Lindgren","NYR",26,"LD","Left",76,"3","14","17","0.22","22","73","0.04","19:21","-","-","-","-","-","","RFA","$3,000,000","$4,000,000"
"58","58. Martin Necas","CAR",25,"RW","Right",77,"24","29","53","0.69","-9","231","0.10","17:21","-","-","-","-","-","","RFA","$3,000,000","$3,500,000"
"59","59. Max Domi","TOR",29,"C, RW","Left",80,"9","38","47","0.59","10","137","0.07","13:47","-","-","-","-","-","M-NTC","UFA","$3,000,000","$3,000,000"
"60","60. Luke Kunin","SJS",26,"RW, C","Right",77,"11","7","18","0.23","-30","98","0.11","15:44","-","-","-","-","-","","RFA","$2,750,000","$3,000,000"
"61","61. Ilya Lyubushkin","TOR",30,"RD","Right",74,"0","8","8","0.11","-11","47","0.00","17:07","-","-","-","-","-","","UFA","$2,750,000","$2,750,000"
"62","62. Patrick Kane","DET",35,"RW","Left",50,"20","27","47","0.94","-5","147","0.14","18:22","-","-","-","-","-","NTC","UFA","$2,750,000","$2,750,000"
"63","63. Warren Foegele","EDM",28,"LW, RW","Left",82,"20","21","41","0.50","3","201","0.10","13:58","-","-","-","-","-","","UFA","$2,750,000","$3,250,000"
"64","64. Chandler Stephenson","VGK",30,"C, LW","Left",75,"16","35","51","0.68","-9","97","0.16","18:29","-","-","-","-","-","","UFA","$2,750,000","$3,225,000"
"65","65. Kaapo Kähkönen","NJD",27,"G","Left",37,"-","-","-","-","-","-","-","-","7","24","1","3.64",".898","","UFA","$2,750,000","$2,900,000"
"66","66. Sean Walker","COL",29,"LD/RD","Right",81,"10","19","29","0.36","11","150","0.07","19:13","-","-","-","-","-","","UFA","$2,650,000","$3,350,000"
"67","67. Alexander Barabanov","SJS",30,"RW, LW","Left",46,"4","9","13","0.28","-24","67","0.06","15:52","-","-","-","-","-","M-NTC","UFA","$2,500,000","$2,500,000"
"68","68. Dominik Kubalik","OTT",28,"LW, RW","Left",74,"11","4","15","0.20","-30","91","0.12","12:07","-","-","-","-","-","","UFA","$2,500,000","$2,500,000"
"69","69. Alexandre Carrier","NSH",27,"RD","Right",73,"4","16","20","0.27","7","77","0.05","18:48","-","-","-","-","-","","UFA","$2,500,000","$2,500,000"
"70","70. Kyle Okposo","FLA",36,"RW","Right",67,"12","10","22","0.33","1","114","0.11","13:20","-","-","-","-","-","","UFA","$2,500,000","$2,500,000"
"71","71. Henri Jokiharju","BUF",25,"RD","Right",74,"3","17","20","0.27","14","84","0.04","18:58","-","-","-","-","-","","RFA","$2,500,000","$2,600,000"
"72","72. Zemgus Girgensons","BUF",30,"LW, C","Left",63,"8","6","14","0.22","-1","73","0.11","11:50","-","-","-","-","-","","UFA","$2,500,000","$2,500,000"
"73","73. Oliver Kylington","CGY",27,"LD/RD","Left",33,"3","5","8","0.24","-6","42","0.07","17:14","-","-","-","-","-","","UFA","$2,500,000","$2,500,000"
"74","74. Casey Mittelstadt","COL",25,"LW, C","Left",80,"18","39","57","0.71","10","127","0.14","17:44","-","-","-","-","-","","RFA","$2,500,000","$2,600,000"
"75","75. Jake Bean","CBJ",26,"LD/RD","Left",72,"4","9","13","0.18","-10","76","0.05","16:19","-","-","-","-","-","","RFA","$2,333,333","$2,900,000"
"76","76. Dillon Dubé","CGY",25,"LW, RW, C","Left",43,"3","4","7","0.16","-13","42","0.07","11:09","-","-","-","-","-","","RFA","$2,300,000","$2,400,000"
"77","77. Oliver Ekman-Larsson","FLA",32,"LD","Left",80,"9","23","32","0.40","10","123","0.07","18:23","-","-","-","-","-","","UFA","$2,250,000","$2,250,000"
"78","78. Erik Brännström","OTT",24,"LD/RD, LW","Left",76,"3","17","20","0.26","5","77","0.04","16:35","-","-","-","-","-","","RFA","$2,000,000","$2,000,000"
"79","79. Daniel Sprong","DET",27,"RW, LW","Right",76,"18","25","43","0.57","-5","160","0.11","12:00","-","-","-","-","-","","UFA","$2,000,000","$2,000,000"
"80","80. Max Pacioretty","WSH",35,"LW","Left",47,"4","19","23","0.49","-14","95","0.04","14:26","-","-","-","-","-","NMC","UFA","$2,000,000","$2,000,000"
"81","81. Alex Goligoski","MIN",38,"LD/RD","Left",36,"0","10","10","0.28","-8","32","0.00","14:48","-","-","-","-","-","NMC","UFA","$2,000,000","$2,000,000"
"82","82. Tyson Jost","BUF",26,"C","Left",43,"3","3","6","0.14","-11","48","0.06","10:35","-","-","-","-","-","","UFA","$2,000,000","$2,000,000"
"83","83. Kevin Lankinen","NSH",29,"G","Left",24,"-","-","-","-","-","-","-","-","11","6","1","2.82",".908","","UFA","$2,000,000","$2,000,000"
"84","84. Sean Monahan","WPG",29,"C, LW, RW","Left",83,"26","33","59","0.71","-1","171","0.15","18:05","-","-","-","-","-","","UFA","$1,985,000","$1,985,000"
"85","85. Teddy Blueger","VAN",29,"C, LW","Left",68,"6","22","28","0.41","4","97","0.06","14:56","-","-","-","-","-","","UFA","$1,900,000","$1,900,000"
"86","86. Jacob Bryson","BUF",26,"LD/RD","Left",36,"1","7","8","0.22","5","15","0.07","14:40","-","-","-","-","-","","RFA","$1,850,000","$1,900,000"
"87","87. Colin Miller","WPG",31,"RD","Right",46,"4","5","9","0.20","8","69","0.06","15:42","-","-","-","-","-","","UFA","$1,850,000","$1,700,000"
"88","88. Jordan Martinook","CAR",31,"LW, RW","Left",82,"14","18","32","0.39","-1","148","0.09","14:38","-","-","-","-","-","","UFA","$1,800,000","$2,700,000"
"89","89. Casey DeSmith","VAN",32,"G","Left",29,"-","-","-","-","-","-","-","-","12","9","1","2.89",".895","","UFA","$1,800,000","$1,900,000"
"90","90. Eric Comrie","BUF",28,"G","Left",10,"-","-","-","-","-","-","-","-","2","7","0","3.70",".874","","UFA","$1,800,000","$1,800,000"
"91","91. Isac Lundeström","ANA",24,"C, LW","Left",46,"5","6","11","0.24","-1","38","0.13","14:20","-","-","-","-","-","","RFA","$1,800,000","$1,800,000"
"92","92. Barrett Hayton","UTA",24,"C, LW","Left",33,"3","7","10","0.30","-13","66","0.05","17:00","-","-","-","-","-","","RFA","$1,775,000","$2,130,000"
"93","93. Cal Clutterbuck","NYI",36,"RW","Right",82,"7","12","19","0.23","4","59","0.12","11:52","-","-","-","-","-","","UFA","$1,750,000","$1,750,000"
"94","94. Travis Boyd","UTA",30,"C, RW","Right",16,"2","6","8","0.50","3","12","0.17","09:37","-","-","-","-","-","","UFA","$1,750,000","$2,000,000"
"95","95. Laurent Brossoit","WPG",31,"G","Left",23,"-","-","-","-","-","-","-","-","15","5","3","2.00",".927","","UFA","$1,750,000","$1,750,000"
"96","96. Yakov Trenin","COL",27,"LW, C","Left",76,"12","5","17","0.22","15","116","0.10","14:34","-","-","-","-","-","","UFA","$1,700,000","$1,700,000"
"97","97. Sean Durzi","UTA",25,"LD/RD","Right",76,"9","32","41","0.54","-1","142","0.06","22:43","-","-","-","-","-","","RFA","$1,700,000","$2,000,000"
"98","98. Blake Lizotte","LAK",26,"C","Left",62,"7","8","15","0.24","11","76","0.09","11:49","-","-","-","-","-","","RFA","$1,675,000","$1,675,000"
"99","99. Anthony Deangelo","CAR",28,"RD","Right",31,"3","8","11","0.35","-7","44","0.07","14:20","-","-","-","-","-","","UFA","$1,675,000","$1,675,000"
"100","100. Eric Robinson","BUF",29,"LW","Left",47,"3","7","10","0.21","-3","61","0.05","11:19","-","-","-","-","-","","UFA","$1,600,000","$1,700,000"
"101","101. Alexandre Texier","CBJ",24,"LW, C, RW","Left",78,"12","18","30","0.38","-5","109","0.11","15:10","-","-","-","-","-","","RFA","$1,525,000","$1,750,000"
"102","102. Alex Nedeljkovic","PIT",28,"G","Left",38,"-","-","-","-","-","-","-","-","18","7","1","2.97",".902","","UFA","$1,500,000","$1,500,000"
"103","103. Antti Raanta","CAR",35,"G","Left",24,"-","-","-","-","-","-","-","-","12","7","1","2.99",".872","","UFA","$1,500,000","$1,500,000"
"104","104. Jani Hakanpää","DAL",32,"RD","Right",64,"2","10","12","0.19","10","56","0.04","18:38","-","-","-","-","-","","UFA","$1,500,000","$2,000,000"
"105","105. Matt Martin","NYI",35,"LW, RW","Left",57,"4","4","8","0.14","7","48","0.08","09:18","-","-","-","-","-","","UFA","$1,500,000","$1,500,000"
"106","106. Tomas Tatar","SEA",33,"LW, RW","Left",70,"9","15","24","0.34","8","72","0.13","12:27","-","-","-","-","-","","UFA","$1,500,000","$1,500,000"
"107","107. Pheonix Copley","LAK",32,"G","Left",8,"-","-","-","-","-","-","-","-","4","1","1","3.17",".870","","UFA","$1,500,000","$1,500,000"
"108","108. Kailer Yamamoto","SEA",25,"RW","Right",59,"8","8","16","0.27","-9","61","0.13","11:59","-","-","-","-","-","","RFA","$1,500,000","$1,500,000"
"109","109. James Reimer","DET",36,"G","Left",25,"-","-","-","-","-","-","-","-","11","8","2","3.11",".904","M-NTC","UFA","$1,500,000","$1,500,000"
"110","110. Eeli Tolvanen","SEA",25,"LW, RW","Left",81,"16","25","41","0.51","-15","153","0.10","15:38","-","-","-","-","-","","RFA","$1,450,000","$1,450,000"
"111","111. Timothy Liljegren","TOR",25,"RD","Right",55,"3","20","23","0.42","3","62","0.05","19:39","-","-","-","-","-","","RFA","$1,400,000","$1,500,000"
"112","112. Michael McLeod","NJD",26,"C","Right",45,"10","9","19","0.42","6","73","0.14","15:08","-","-","-","-","-","","RFA","$1,400,000","$1,400,000"
"113","113. William Carrier","VGK",29,"LW","Left",39,"6","2","8","0.21","3","65","0.09","11:10","-","-","-","-","-","","UFA","$1,400,000","$1,750,000"
"114","114. Philippe Myers","TBL",27,"RD","Right",5,"0","0","0","0.00","-2","6","0.00","11:41","-","-","-","-","-","","UFA","$1,400,000","$1,400,000"
"115","115. Riley Stillman","BUF",26,"LD","Left",0,"0","0","0","0.00","0","0","0.00","","-","-","-","-","-","","RFA","$1,350,000","$1,350,000"
"116","116. Carl Grundström","LAK",26,"LW, RW","Left",50,"8","4","12","0.24","-2","95","0.08","10:56","-","-","-","-","-","","RFA","$1,300,000","$1,300,000"
"117","117. Max Jones","ANA",26,"LW, RW","Left",52,"5","10","15","0.29","-6","76","0.07","12:03","-","-","-","-","-","","RFA","$1,295,000","$1,500,000"
"118","118. Joshua Brown","UTA",30,"RD","Right",51,"3","7","10","0.20","2","44","0.07","14:45","-","-","-","-","-","","UFA","$1,275,000","$1,300,000"
"119","119. Jarred Tinordi","CHI",32,"LD","Left",52,"0","9","9","0.17","-27","32","0.00","15:38","-","-","-","-","-","","UFA","$1,250,000","$1,250,000"
"120","120. Nicolas Aubé-Kubel","WSH",28,"RW","Right",60,"6","10","16","0.27","4","58","0.10","12:12","-","-","-","-","-","","UFA","$1,225,000","$1,225,000"
"121","121. Colin Blackwell","CHI",31,"C, RW","Right",44,"8","4","12","0.27","-2","88","0.09","14:29","-","-","-","-","-","","UFA","$1,200,000","$1,200,000"
"122","122. Sam Lafferty","VAN",29,"RW, C, LW","Right",79,"13","11","24","0.30","4","78","0.17","11:52","-","-","-","-","-","","UFA","$1,150,000","$1,150,000"
"123","123. Jakub Zboril","CBJ",27,"LD/RD","Left",0,"0","0","0","0.00","0","0","0.00","","-","-","-","-","-","","UFA","$1,137,500","$1,300,000"
"124","124. Christian Fischer","DET",27,"RW, LW","Right",79,"5","14","19","0.24","0","86","0.06","11:24","-","-","-","-","-","","UFA","$1,125,000","$1,125,000"
"125","125. Anthony Stolarz","FLA",30,"G","Left",27,"-","-","-","-","-","-","-","-","16","7","2","2.03",".925","","UFA","$1,100,000","$1,100,000"
"126","126. Troy Stecher","EDM",30,"RD","Right",54,"1","6","7","0.13","9","51","0.02","18:07","-","-","-","-","-","","UFA","$1,100,000","$1,100,000"
"127","127. Filip Zadina","SJS",24,"RW, LW","Left",72,"13","10","23","0.32","-44","137","0.09","13:20","-","-","-","-","-","","RFA","$1,100,000","$1,100,000"
"128","128. Marc Staal","PHI",37,"LD","Left",35,"1","4","5","0.14","2","20","0.05","13:48","-","-","-","-","-","","UFA","$1,100,000","$1,100,000"
"129","129. Brendan Smith","NJD",35,"LD/RD, LW","Left",63,"5","10","15","0.24","-3","60","0.08","16:06","-","-","-","-","-","","UFA","$1,100,000","$1,200,000"
"130","130. Nick Cousins","FLA",30,"LW, C","Left",69,"7","8","15","0.22","1","111","0.06","12:11","-","-","-","-","-","","UFA","$1,100,000","$1,100,000"
"131","131. Brandon Duhaime","COL",27,"RW, LW","Left",80,"5","8","13","0.16","-5","92","0.05","10:51","-","-","-","-","-","","UFA","$1,100,000","$1,100,000"
"132","132. Rem Pitlick","CHI",27,"LW, RW","Left",9,"0","0","0","0.00","-7","13","0.00","15:35","-","-","-","-","-","","UFA","$1,100,000","$1,100,000"
"133","133. Kevin Shattenkirk","BOS",35,"RD","Right",61,"6","18","24","0.39","-2","78","0.08","15:46","-","-","-","-","-","","UFA","$1,050,000","$1,050,000"
"134","134. Steven Lorentz","FLA",28,"C, LW, RW","Left",38,"1","2","3","0.08","-9","30","0.03","08:47","-","-","-","-","-","","UFA","$1,050,000","$1,150,000"
"135","135. Tomas Nosek","NJD",31,"LW, C","Left",36,"2","4","6","0.17","-11","38","0.05","11:48","-","-","-","-","-","","UFA","$1,000,000","$1,000,000"
"136","136. Cam Talbot","LAK",36,"G","Left",54,"-","-","-","-","-","-","-","-","27","20","3","2.50",".913","NTC","UFA","$1,000,000","$1,000,000"
"137","137. Milan Lucic","BOS",36,"LW, RW","Left",4,"0","2","2","0.50","-1","1","0.00","11:58","-","-","-","-","-","NMC","UFA","$1,000,000","$1,000,000"
"138","138. Kevin Stenlund","FLA",27,"C, RW","Right",81,"11","4","15","0.19","-10","81","0.14","12:36","-","-","-","-","-","","UFA","$1,000,000","$1,000,000"
"139","139. Mike Reilly","NYI",30,"LD","Left",61,"6","18","24","0.39","-1","126","0.05","17:09","-","-","-","-","-","","UFA","$1,000,000","$1,000,000"
"140","140. Logan Stanley","WPG",26,"LD","Left",25,"1","1","2","0.08","4","29","0.03","13:46","-","-","-","-","-","","RFA","$1,000,000","$1,000,000"
"141","141. Samuel Blais","STL",28,"LW, RW","Left",53,"1","6","7","0.13","-11","33","0.03","09:41","-","-","-","-","-","","UFA","$1,000,000","$1,000,000"
"142","142. Patrick Maroon","BOS",36,"LW, RW","Left",51,"4","12","16","0.31","-11","56","0.07","12:50","-","-","-","-","-","M-NTC","UFA","$1,000,000","$1,000,000"
"143","143. James van Riemsdyk","BOS",35,"LW, RW","Left",71,"11","27","38","0.54","7","142","0.08","13:30","-","-","-","-","-","","UFA","$1,000,000","$1,000,000"
"144","144. Craig Smith","DAL",34,"RW","Right",75,"11","9","20","0.27","2","112","0.10","10:13","-","-","-","-","-","","UFA","$1,000,000","$1,000,000"
"145","145. Juuso Välimäki","UTA",25,"LD","Left",68,"2","15","17","0.25","12","69","0.03","19:05","-","-","-","-","-","","RFA","$1,000,000","$1,000,000"
"146","146. Dmitry Kulikov","FLA",33,"LD/RD","Left",76,"1","19","20","0.26","15","74","0.01","16:30","-","-","-","-","-","","UFA","$1,000,000","$1,000,000"
"147","147. Mattias Janmark","EDM",31,"LW, RW","Left",71,"4","8","12","0.17","0","67","0.06","11:53","-","-","-","-","-","","UFA","$1,000,000","$1,000,000"
"148","148. Scott Wedgewood","DAL",31,"G","Left",32,"-","-","-","-","-","-","-","-","16","7","0","2.85",".899","","UFA","$1,000,000","$1,000,000"
"149","149. Robert Bortuzzo","NYI",35,"RD","Right",27,"0","0","0","0.00","0","11","0.00","13:43","-","-","-","-","-","","UFA","$950,000","$950,000"
"150","150. Gustav Lindström","ANA",25,"RD","Right",46,"3","7","10","0.22","12","29","0.10","15:24","-","-","-","-","-","","RFA","$950,000","$950,000"
"151","151. Cole Guttman","CHI",25,"C","Right",27,"4","4","8","0.30","-17","50","0.08","12:37","-","-","-","-","-",NA,"RFA","$950,000","$950,000"
"152","152. Andre Heim","-",26,"C, RW, LW","Left",0,"0","0","0","0.00","0","0","0.00","","-","-","-","-","-",NA,"RFA","$950,000","$950,000"
"153","153. Jack Drury","CAR",24,"C","Left",74,"8","19","27","0.36","4","106","0.08","12:16","-","-","-","-","-",NA,"RFA","$925,000","$925,000"
"154","154. Anton Lundell","FLA",22,"C, LW","Left",78,"13","22","35","0.45","19","166","0.08","15:22","-","-","-","-","-",NA,"RFA","$925,000","$925,000"
"155","155. Vladislav Firstov","-",23,"LW","Left",0,"0","0","0","0.00","0","0","0.00","","-","-","-","-","-",NA,"RFA","$925,000","$925,000"
"156","156. Filip Roos","CHI",25,"LD","Left",4,"0","0","0","0.00","-4","2","0.00","14:43","-","-","-","-","-",NA,"RFA","$925,000","$925,000"
"157","157. Bobby Trivigno","NYR",25,"LW","Left",0,"0","0","0","0.00","0","0","0.00","","-","-","-","-","-",NA,"RFA","$925,000","$925,000"
"158","158. Michael Kesselring","UTA",24,"RD","Right",65,"5","16","21","0.32","11","76","0.07","15:47","-","-","-","-","-",NA,"RFA","$925,000","$925,000"
"159","159. Kirill Marchenko","CBJ",23,"RW","Right",78,"23","19","42","0.54","-5","193","0.12","16:24","-","-","-","-","-",NA,"RFA","$925,000","$925,000"
"160","160. Dylan Holloway","EDM",22,"LW, C","Left",38,"6","3","9","0.24","-1","56","0.11","11:22","-","-","-","-","-",NA,"RFA","$925,000","$925,000"
"161","161. Cole Sillinger","CBJ",21,"C","Left",77,"13","19","32","0.42","-4","157","0.08","16:07","-","-","-","-","-",NA,"RFA","$925,000","$925,000"
"162","162. Jonatan Berggren","DET",23,"RW, LW","Left",12,"2","4","6","0.50","-1","14","0.14","10:51","-","-","-","-","-",NA,"RFA","$925,000","$925,000"
"163","163. Spencer Stastney","NSH",24,"LD","Left",20,"2","2","4","0.20","9","11","0.18","15:59","-","-","-","-","-",NA,"RFA","$925,000","$925,000"
"164","164. Corey Andonovski","PIT",25,"RW","Right",0,"0","0","0","0.00","0","0","0.00","","-","-","-","-","-",NA,"RFA","$925,000","$925,000"
"165","165. Ivan Morozov","VGK",24,"C","Right",0,"0","0","0","0.00","0","0","0.00","","-","-","-","-","-",NA,"RFA","$925,000","$925,000"
"166","166. Mads Søgaard","OTT",23,"G","Left",6,"-","-","-","-","-","-","-","-","1","3","0","4.06",".859",NA,"RFA","$925,000","$925,000"
"167","167. Matej Blümel","DAL",24,"LW","Left",0,"0","0","0","0.00","0","0","0.00","","-","-","-","-","-",NA,"RFA","$925,000","$925,000"
"168","168. Jackson LaCombe","ANA",23,"LD/RD","Left",71,"2","15","17","0.24","-24","55","0.04","19:22","-","-","-","-","-",NA,"RFA","$925,000","$925,000"
"169","169. Josh Mahura","FLA",26,"LD/RD","Left",30,"0","9","9","0.30","-2","25","0.00","12:35","-","-","-","-","-",NA,"RFA","$925,000","$925,000"
"170","170. Curtis Hall","BOS",24,"C","Right",0,"0","0","0","0.00","0","0","0.00","","-","-","-","-","-",NA,"RFA","$925,000","$925,000"
"171","171. Lucas Raymond","DET",22,"RW, LW","Right",82,"31","41","72","0.88","-12","163","0.19","17:45","-","-","-","-","-",NA,"RFA","$925,000","$925,000"
"172","172. Aidan McDonough","VAN",24,"LW","Left",0,"0","0","0","0.00","0","0","0.00","","-","-","-","-","-",NA,"10.2(c)","$925,000","$925,000"
"173","173. Kent Johnson","CBJ",21,"LW, C","Left",42,"6","10","16","0.38","-2","62","0.10","13:32","-","-","-","-","-",NA,"10.2(c)","$925,000","$925,000"
"174","174. Nils Lundkvist","DAL",23,"RD","Right",59,"2","17","19","0.32","13","73","0.03","14:06","-","-","-","-","-",NA,"RFA","$925,000","$925,000"
"175","175. Justin Barron","MTL",22,"RD","Right",48,"7","6","13","0.27","-3","60","0.12","18:37","-","-","-","-","-",NA,"RFA","$925,000","$925,000"
"176","176. Braden Schneider","NYR",22,"RD","Right",82,"5","14","19","0.23","-1","95","0.05","15:53","-","-","-","-","-",NA,"RFA","$925,000","$925,000"
"177","177. Bobby Brink","PHI",22,"RW","Right",57,"11","12","23","0.40","1","81","0.14","13:47","-","-","-","-","-",NA,"RFA","$925,000","$925,000"
"178","178. Nikita Nesterenko","ANA",22,"C","Left",3,"1","0","1","0.33","0","7","0.14","11:31","-","-","-","-","-",NA,"RFA","$925,000","$925,000"
"179","179. Carter Savoie","EDM",22,"LW","Left",0,"0","0","0","0.00","0","0","0.00","","-","-","-","-","-",NA,"10.2(c)","$925,000","$925,000"
"180","180. Jordan Oesterle","CGY",32,"LD/RD","Left",22,"0","2","2","0.09","-6","18","0.00","13:31","-","-","-","-","-",NA,"UFA","$925,000","$925,000"
"181","181. Cole McWard","VAN",23,"RD","Right",1,"0","0","0","0.00","0","1","0.00","09:05","-","-","-","-","-",NA,"10.2(c)","$922,500","$895,000"
"182","182. Will Zmolek","PHI",25,"LD","Left",0,"0","0","0","0.00","0","0","0.00","","-","-","-","-","-",NA,"RFA","$920,000","$920,000"
"183","183. Thomas Bordeleau","SJS",22,"C, LW","Left",27,"6","5","11","0.41","-18","48","0.13","15:01","-","-","-","-","-",NA,"10.2(c)","$916,667","$925,000"
"184","184. Henry Thrun","SJS",23,"LD","Left",51,"3","8","11","0.22","-22","48","0.06","19:59","-","-","-","-","-",NA,"10.2(c)","$912,500","$925,000"
"185","185. Ty Dellandrea","SJS",23,"RW","Right",42,"2","7","9","0.21","-10","53","0.04","12:40","-","-","-","-","-",NA,"RFA","$900,000","$900,000"
"186","186. Emil Bemström","PIT",25,"RW, LW","Right",56,"8","8","16","0.29","-5","83","0.10","11:08","-","-","-","-","-",NA,"RFA","$900,000","$900,000"
"187","187. Mack Guzda","FLA",23,"G","Left",0,"-","-","-","-","-","-","-","-","0","0","0","0.00",".000",NA,"10.2(c)","$897,500","$925,000"
"188","188. Layton Ahac","VGK",23,"LD","Left",0,"0","0","0","0.00","0","0","0.00","","-","-","-","-","-",NA,"RFA","$897,500","$925,000"
"189","189. Matthew Beniers","SEA",21,"C","Left",77,"15","22","37","0.48","-11","133","0.11","17:57","-","-","-","-","-",NA,"RFA","$897,500","$925,000"
"190","190. Arthur Kaliyev","LAK",23,"RW, LW","Left",51,"7","8","15","0.29","-3","101","0.07","11:48","-","-","-","-","-",NA,"RFA","$894,167","$832,500"
"191","191. Alex Turcotte","LAK",23,"C","Left",20,"1","3","4","0.20","5","14","0.07","09:16","-","-","-","-","-",NA,"RFA","$894,167","$832,500"
"192","192. Seth Jarvis","CAR",22,"RW","Right",81,"33","34","67","0.83","23","176","0.19","18:45","-","-","-","-","-",NA,"RFA","$894,167","$832,500"
"193","193. Adam Beckman","MIN",23,"LW","Left",11,"0","2","2","0.18","-2","10","0.00","09:24","-","-","-","-","-",NA,"RFA","$894,167","$832,500"
"194","194. Cole Perfetti","WPG",22,"LW, C","Left",71,"19","19","38","0.54","13","142","0.13","13:35","-","-","-","-","-",NA,"RFA","$894,167","$832,500"
"195","195. Quinton Byfield","LAK",21,"LW, C","Left",80,"20","35","55","0.69","19","161","0.12","16:29","-","-","-","-","-",NA,"RFA","$894,167","$832,500"
"196","196. Dawson Mercer","NJD",22,"RW, C","Right",82,"20","13","33","0.40","-26","134","0.15","17:13","-","-","-","-","-",NA,"RFA","$894,167","$832,500"
"197","197. J.J. Moser","UTA",24,"LD/RD","Left",80,"5","21","26","0.33","-5","77","0.06","20:34","-","-","-","-","-",NA,"RFA","$886,667","$925,000"
"198","198. Nikolas Matinpalo","OTT",25,"RD","Right",4,"0","0","0","0.00","1","2","0.00","07:00","-","-","-","-","-",NA,"RFA","$885,000","$885,000"
"199","199. Ville Petman","SEA",24,"C, LW","Left",0,"0","0","0","0.00","0","0","0.00","","-","-","-","-","-",NA,"RFA","$883,750","$925,000"
"200","200. Blake McLaughlin","ANA",24,"LW","Left",0,"0","0","0","0.00","0","0","0.00","","-","-","-","-","-",NA,"RFA","$883,750","$925,000"
"201","201. Linus Karlsson","VAN",24,"RW","Right",4,"0","0","0","0.00","0","4","0.00","10:08","-","-","-","-","-",NA,"RFA","$883,750","$925,000"
"202","202. Michael Callahan","BOS",24,"LD","Left",0,"0","0","0","0.00","0","0","0.00","","-","-","-","-","-",NA,"RFA","$883,750","$925,000"
"203","203. Jaxson Stauber","CHI",25,"G","Left",0,"-","-","-","-","-","-","-","-","0","0","0","0.00",".000",NA,"RFA","$883,750","$925,000"
"204","204. Filip Johansson","VAN",24,"RD","Right",0,"0","0","0","0.00","0","0","0.00","","-","-","-","-","-",NA,"RFA","$883,750","$925,000"
"205","205. Ryan Fanti","EDM",24,"G","Left",0,"-","-","-","-","-","-","-","-","0","0","0","0.00",".000",NA,"RFA","$883,750","$925,000"
"206","206. Alex Beaucage","COL",22,"RW","Right",0,"0","0","0","0.00","0","0","0.00","","-","-","-","-","-",NA,"RFA","$878,333","$925,000"
"207","207. Martin Jones","TOR",34,"G","Left",22,"-","-","-","-","-","-","-","-","11","8","2","2.87",".902",NA,"UFA","$875,000","$875,000"
"208","208. Erik Portillo","LAK",23,"G","Left",0,"-","-","-","-","-","-","-","-","0","0","0","0.00",".000",NA,"RFA","$875,000","$875,000"
"209","209. Raphael Lavoie","EDM",23,"RW, C","Right",7,"0","0","0","0.00","-2","4","0.00","07:17","-","-","-","-","-",NA,"RFA","$874,125","$874,125"
"210","210. Oliver Wahlstrom","NYI",24,"RW","Right",32,"2","4","6","0.19","-6","41","0.05","11:04","-","-","-","-","-",NA,"RFA","$874,125","$874,125"
"211","211. Ales Stezka","SEA",27,"G","Left",0,"-","-","-","-","-","-","-","-","0","0","0","0.00",".000",NA,"UFA","$870,000","$870,000"
"212","212. Yan Kuznetsov","CGY",22,"LD","Left",1,"0","0","0","0.00","-1","2","0.00","11:58","-","-","-","-","-",NA,"RFA","$870,000","$825,000"
"213","213. Waltteri Merelä","TBL",25,"RW","Right",19,"1","0","1","0.05","2","17","0.06","09:48","-","-","-","-","-",NA,"RFA","$870,000","$870,000"
"214","214. Karl Henriksson","NYR",23,"C","Left",0,"0","0","0","0.00","0","0","0.00","","-","-","-","-","-",NA,"RFA","$870,000","$925,000"
"215","215. Hardy Häman Aktell","WSH",25,"LD","Left",6,"0","1","1","0.17","-2","5","0.00","10:37","-","-","-","-","-",NA,"RFA","$870,000","$870,000"
"216","216. Jason Polin","COL",25,"RW","Right",7,"1","0","1","0.14","1","6","0.17","07:25","-","-","-","-","-",NA,"RFA","$870,000","$870,000"
"217","217. Mitchell Gibson","WSH",25,"G","Left",0,"-","-","-","-","-","-","-","-","0","0","0","0.00",".000",NA,"RFA","$867,500","$867,500"
"218","218. Victor Söderström","UTA",23,"RD","Right",3,"0","0","0","0.00","-1","1","0.00","15:11","-","-","-","-","-",NA,"RFA","$863,333","$832,500"
"219","219. Philip Broberg","EDM",23,"LD","Left",12,"0","2","2","0.17","-3","6","0.00","11:37","-","-","-","-","-",NA,"RFA","$863,333","$832,500"
"220","220. Moritz Seider","DET",23,"RD","Right",82,"9","33","42","0.51","-7","135","0.07","22:21","-","-","-","-","-",NA,"RFA","$863,333","$832,500"
"221","221. Philip Tomasino","NSH",22,"LW, RW","Right",41,"7","13","20","0.49","-6","62","0.11","12:34","-","-","-","-","-",NA,"RFA","$863,333","$832,500"
"222","222. Lassi Thomson","OTT",23,"RD","Right",0,"0","0","0","0.00","0","0","0.00","","-","-","-","-","-",NA,"RFA","$863,333","$832,500"
"223","223. Nolan Foote","NJD",23,"LW","Left",4,"1","0","1","0.25","-1","6","0.17","10:06","-","-","-","-","-",NA,"RFA","$863,333","$832,500"
"224","224. Thomas Harley","DAL",22,"LD","Left",79,"15","32","47","0.59","28","144","0.10","21:01","-","-","-","-","-",NA,"RFA","$863,333","$832,500"
"225","225. Connor McMichael","WSH",23,"LW, C","Left",80,"18","15","33","0.41","-20","135","0.13","15:59","-","-","-","-","-",NA,"RFA","$863,333","$832,500"
"226","226. Brayden Tracey","ANA",23,"LW","Left",0,"0","0","0","0.00","0","0","0.00","","-","-","-","-","-",NA,"RFA","$863,333","$832,500"
"227","227. Ville Heinola","WPG",23,"LD","Left",0,"0","0","0","0.00","0","0","0.00","","-","-","-","-","-",NA,"RFA","$863,333","$832,500"
"228","228. Jakob Pelletier","CGY",23,"LW","Left",13,"1","2","3","0.23","1","9","0.11","09:16","-","-","-","-","-",NA,"RFA","$863,333","$832,500"
"229","229. Peyton Krebs","BUF",23,"C, LW","Left",80,"4","13","17","0.21","2","74","0.05","12:30","-","-","-","-","-",NA,"RFA","$863,333","$832,500"
"230","230. Simon Holmström","NYI",23,"RW","Left",75,"15","10","25","0.33","2","72","0.21","13:19","-","-","-","-","-",NA,"RFA","$863,333","$832,500"
"231","231. Keean Washkurak","STL",22,"C","Left",0,"0","0","0","0.00","0","0","0.00","","-","-","-","-","-",NA,"RFA","$862,500","$890,000"
"232","232. Mattias Norlinder","MTL",24,"LD","Left",0,"0","0","0","0.00","0","0","0.00","","-","-","-","-","-",NA,"RFA","$859,167","$892,500"
"233","233. Kim Nousiainen","-",23,"LD","Left",0,"0","0","0","0.00","0","0","0.00","","-","-","-","-","-",NA,"RFA","$859,167","$867,500"
"234","234. Isaak Phillips","CHI",22,"LD","Left",33,"0","6","6","0.18","-26","31","0.00","17:04","-","-","-","-","-",NA,"RFA","$859,167","$892,500"
"235","235. Félix Robert","TBL",24,"C, LW","Left",0,"0","0","0","0.00","0","0","0.00","","-","-","-","-","-",NA,"RFA","$857,500","$870,000"
"236","236. Cole Schwindt","CGY",23,"RW, C","Right",4,"0","0","0","0.00","-1","1","0.00","06:47","-","-","-","-","-",NA,"RFA","$855,833","$832,500"
"237","237. Calle Själin","BUF",24,"LD","Left",0,"0","0","0","0.00","0","0","0.00","","-","-","-","-","-",NA,"RFA","$855,000","$867,500"
"238","238. Santtu Kinnunen","FLA",25,"RD","Right",0,"0","0","0","0.00","0","0","0.00","","-","-","-","-","-",NA,"RFA","$855,000","$867,500"
"239","239. Sam Hentges","MIN",24,"C","Right",0,"0","0","0","0.00","0","0","0.00","","-","-","-","-","-",NA,"RFA","$855,000","$867,500"
"240","240. Peetro Seppälä","SEA",23,"LD","Left",0,"0","0","0","0.00","0","0","0.00","","-","-","-","-","-",NA,"RFA","$855,000","$867,500"
"241","241. Olof Lindbom","NYR",23,"G","Left",0,"-","-","-","-","-","-","-","-","0","0","0","0.00",".000",NA,"RFA","$855,000","$867,500"
"242","242. Simon Johansson","MIN",25,"RD","Right",0,"0","0","0","0.00","0","0","0.00","","-","-","-","-","-",NA,"RFA","$855,000","$867,500"
"243","243. Pavol Regenda","ANA",24,"LW, RW","Left",5,"0","0","0","0.00","-1","7","0.00","11:33","-","-","-","-","-",NA,"RFA","$855,000","$867,500"
"244","244. Oskari Salminen","WPG",24,"G","Left",0,"-","-","-","-","-","-","-","-","0","0","0","0.00",".000",NA,"RFA","$855,000","$867,500"
"245","245. Samuel Walker","MIN",25,"RW, LW","Right",4,"0","0","0","0.00","-3","3","0.00","09:21","-","-","-","-","-",NA,"RFA","$855,000","$867,500"
"246","246. Ruslan Iskhakov","NYI",23,"C","Left",1,"0","1","1","1.00","0","2","0.00","14:11","-","-","-","-","-",NA,"RFA","$855,000","$867,500"
"247","247. Akira Schmid","NJD",24,"G","Left",19,"-","-","-","-","-","-","-","-","5","9","0","3.15",".895",NA,"RFA","$850,833","$867,500"
"248","248. Brandon Coe","SJS",22,"RW","Right",0,"0","0","0","0.00","0","0","0.00","","-","-","-","-","-",NA,"RFA","$850,833","$867,500"
"249","249. Oskar Bäck","DAL",24,"C, RW","Left",0,"0","0","0","0.00","0","0","0.00","","-","-","-","-","-",NA,"RFA","$850,833","$867,500"
"250","250. Maxim Cajkovic","PIT",23,"RW","Right",0,"0","0","0","0.00","0","0","0.00","","-","-","-","-","-",NA,"RFA","$850,833","$867,500"
"251","251. Tyler Angle","CBJ",23,"C","Left",2,"0","0","0","0.00","-1","0","0.00","08:20","-","-","-","-","-",NA,"RFA","$850,833","$867,500"
"252","252. Santeri Hatakka","NJD",23,"LD","Left",12,"0","2","2","0.17","5","12","0.00","14:38","-","-","-","-","-",NA,"RFA","$850,833","$867,500"
"253","253. Michael Vukojevic","NJD",23,"LD","Left",0,"0","0","0","0.00","0","0","0.00","","-","-","-","-","-",NA,"RFA","$850,833","$867,500"
"254","254. Graeme Clarke","NJD",23,"RW, C","Right",3,"0","0","0","0.00","-2","2","0.00","11:23","-","-","-","-","-",NA,"RFA","$850,833","$867,500"
"255","255. Simon Lundmark","WPG",23,"RD","Right",0,"0","0","0","0.00","0","0","0.00","","-","-","-","-","-",NA,"RFA","$850,833","$867,500"
"256","256. Hunter Skinner","STL",23,"RD","Right",0,"0","0","0","0.00","0","0","0.00","","-","-","-","-","-",NA,"RFA","$850,833","$867,500"
"257","257. Marc Del Gaizo","NSH",24,"LD","Left",9,"0","3","3","0.33","2","8","0.00","16:27","-","-","-","-","-",NA,"RFA","$850,833","$867,500"
"258","258. Hugo Alnefelt","TBL",23,"G","Left",0,"-","-","-","-","-","-","-","-","0","0","0","0.00",".000",NA,"RFA","$850,833","$867,500"
"259","259. Nico Daws","NJD",23,"G","Left",21,"-","-","-","-","-","-","-","-","9","11","0","3.15",".894",NA,"RFA","$850,833","$867,500"
"260","260. Louis Crevier","CHI",23,"RD","Right",24,"0","3","3","0.13","-16","18","0.00","15:41","-","-","-","-","-",NA,"RFA","$850,833","$867,500"
"261","261. Juuso Pärssinen","NSH",23,"C","Left",44,"8","4","12","0.27","-6","54","0.15","14:35","-","-","-","-","-",NA,"RFA","$850,833","$867,500"
"262","262. Urho Vaakanainen","ANA",25,"LD/RD","Left",68,"1","13","14","0.21","0","67","0.01","17:28","-","-","-","-","-",NA,"RFA","$850,000","$900,000"
"263","263. Jansen Harkins","PIT",27,"LW","Left",45,"0","4","4","0.09","-4","37","0.00","08:12","-","-","-","-","-",NA,"UFA","$850,000","$875,000"
"264","264. Sam Carrick","EDM",32,"C, RW","Right",77,"10","6","16","0.21","-11","92","0.11","12:13","-","-","-","-","-",NA,"UFA","$850,000","$850,000"
"265","265. Filip Cederqvist","MTL",23,"LW, RW","Left",0,"0","0","0","0.00","0","0","0.00","","-","-","-","-","-",NA,"RFA","$850,000","$866,667"
"266","266. Denis Gurianov","PHI",27,"RW, LW","Left",18,"1","1","2","0.11","4","26","0.04","12:13","-","-","-","-","-",NA,"UFA","$850,000","$850,000"
"267","267. Dylan Coghlan","CAR",26,"RD","Right",1,"0","0","0","0.00","-2","3","0.00","17:59","-","-","-","-","-",NA,"RFA","$850,000","$850,000"
"268","268. Taro Hirose","DET",28,"LW","Left",0,"0","0","0","0.00","0","0","0.00","","-","-","-","-","-",NA,"UFA","$850,000","$850,000"
"269","269. Sam Steel","DAL",26,"C, LW","Left",77,"9","15","24","0.31","0","86","0.10","13:14","-","-","-","-","-",NA,"RFA","$850,000","$850,000"
"270","270. Jack Rathbone","PIT",25,"LD","Left",0,"0","0","0","0.00","0","0","0.00","","-","-","-","-","-",NA,"UFAGroup 6","$850,000","$950,000"
"271","271. Isaiah Saville","VGK",23,"G","Right",0,"-","-","-","-","-","-","-","-","0","0","0","0.00",".000",NA,"10.2(c)","$849,667","$858,000"
"272","272. Adam Raska","MIN",22,"LW, RW","Right",5,"0","0","0","0.00","0","0","0.00","06:48","-","-","-","-","-",NA,"RFA","$848,333","$865,000"
"273","273. Gianni Fairbrother","COL",23,"LD/RD","Left",0,"0","0","0","0.00","0","0","0.00","","-","-","-","-","-",NA,"RFA","$848,333","$860,000"
"274","274. Patrik Koch","UTA",27,"D","Left",1,"0","0","0","0.00","0","1","0.00","09:20","-","-","-","-","-",NA,"UFA","$847,500","$847,500"
"275","275. Noel Hoefenmayer","EDM",25,"LD","Left",0,"0","0","0","0.00","0","0","0.00","","-","-","-","-","-",NA,"RFA","$845,000","$845,000"
"276","276. Adam Wilsby","NSH",23,"LD","Left",0,"0","0","0","0.00","0","0","0.00","","-","-","-","-","-",NA,"RFA","$842,500","$855,000"
"277","277. Jamieson Rees","OTT",23,"C","Left",0,"0","0","0","0.00","0","0","0.00","","-","-","-","-","-",NA,"RFA","$839,167","$832,500"
"278","278. Max Ellis","TOR",24,"RW","Right",0,"0","0","0","0.00","0","0","0.00","","-","-","-","-","-",NA,"RFA","$838,750","$852,500"
"279","279. Ukko-Pekka Luukkonen","BUF",25,"G","Left",54,"-","-","-","-","-","-","-","-","27","22","5","2.57",".910",NA,"RFA","$837,500","$925,000"
"280","280. Curtis Douglas","UTA",24,"C","Left",0,"0","0","0","0.00","0","0","0.00","","-","-","-","-","-",NA,"RFA","$837,500","$850,000"
"281","281. Dmitry Ovchinnikov","MIN",21,"C, LW, RW","Left",0,"0","0","0","0.00","0","0","0.00","","-","-","-","-","-",NA,"10.2(c)","$835,000","$855,000"
"282","282. Nick Cicek","VAN",24,"LD","Left",0,"0","0","0","0.00","0","0","0.00","","-","-","-","-","-",NA,"RFA","$835,000","$847,500"
"283","283. Alex Steeves","TOR",24,"LW, RW","Left",1,"0","0","0","0.00","-1","1","0.00","10:14","-","-","-","-","-",NA,"RFA","$834,167","$852,500"
"284","284. Adam Klapka","CGY",23,"RW, C","Right",6,"1","0","1","0.17","-1","4","0.25","06:45","-","-","-","-","-",NA,"RFA","$832,500","$845,000"
"285","285. Reece Newkirk","NYI",23,"C","Left",0,"0","0","0","0.00","0","0","0.00","","-","-","-","-","-",NA,"RFA","$828,333","$845,000"
"286","286. Arber Xhekaj","MTL",23,"LD/RD","Left",44,"3","7","10","0.23","6","61","0.05","15:55","-","-","-","-","-",NA,"RFA","$828,333","$835,000"
"287","287. Ilya Solovyov","CGY",23,"LD","Left",10,"0","3","3","0.30","-3","10","0.00","15:53","-","-","-","-","-",NA,"RFA","$828,333","$845,000"
"288","288. Alexander Pashin","-",21,"C, LW, RW","Left",0,"0","0","0","0.00","0","0","0.00","","-","-","-","-","-",NA,"RFA","$826,667","$835,000"
"289","289. Dakota Joshua","VAN",28,"LW","Left",63,"18","14","32","0.51","19","84","0.21","14:23","-","-","-","-","-",NA,"UFA","$825,000","$850,000"
"290","290. Jonathan Drouin","COL",29,"LW, RW","Left",79,"19","37","56","0.71","12","127","0.15","18:11","-","-","-","-","-",NA,"UFA","$825,000","$825,000"
"291","291. Calen Addison","SJS",24,"RD","Right",72,"1","16","17","0.24","-38","93","0.01","17:16","-","-","-","-","-",NA,"RFA","$825,000","$825,000"
"292","292. Nick Blankenburg","CBJ",26,"LD/RD","Right",12,"1","0","1","0.08","1","10","0.10","16:12","-","-","-","-","-",NA,"UFAGroup 6","$825,000","$850,000"
"293","293. Erik Gustafsson","NYR",32,"LD","Left",76,"6","25","31","0.41","3","93","0.06","17:23","-","-","-","-","-",NA,"UFA","$825,000","$825,000"
"294","294. Pavel Dorofeyev","VGK",23,"LW, RW","Left",47,"13","11","24","0.51","8","97","0.13","13:16","-","-","-","-","-",NA,"RFA","$825,000","$825,000"
"295","295. Sebastian Aho","NYI",28,"LD","Left",58,"2","7","9","0.16","-7","48","0.04","16:23","-","-","-","-","-",NA,"UFA","$825,000","$850,000"
"296","296. Joseph Veleno","DET",24,"C","Left",80,"12","16","28","0.35","-16","86","0.14","13:57","-","-","-","-","-",NA,"RFA","$825,000","$825,000"
"297","297. Andrew Cogliano","COL",37,"LW","Left",75,"6","13","19","0.25","11","61","0.10","10:36","-","-","-","-","-",NA,"UFA","$825,000","$825,000"
"298","298. Pierre-Olivier Joseph","PIT",25,"LD","Left",52,"2","9","11","0.21","-3","42","0.05","15:05","-","-","-","-","-",NA,"RFA","$825,000","$850,000"
"299","299. Mason Primeau","VGK",22,"C","Left",0,"0","0","0","0.00","0","0","0.00","","-","-","-","-","-",NA,"RFA","$825,000","$840,000"
"300","300. Tuukka Tieksola","CAR",23,"RW","Right",0,"0","0","0","0.00","0","0","0.00","","-","-","-","-","-",NA,"RFA","$823,333","$845,000"
"301","301. Jordan Spence","LAK",23,"RD","Right",71,"2","22","24","0.34","5","80","0.03","14:25","-","-","-","-","-","","RFA","$820,000","$775,000"
"302","302. Gage Goncalves","TBL",23,"LW","Left",2,"0","0","0","0.00","0","0","0.00","09:57","-","-","-","-","-","","RFA","$820,000","$775,000"
"303","303. Michal Teplý","CHI",23,"LW","Right",0,"0","0","0","0.00","0","0","0.00","","-","-","-","-","-","","RFA","$820,000","$775,000"
"304","304. Mason Millman","PHI",22,"LD","Left",0,"0","0","0","0.00","0","0","0.00","","-","-","-","-","-","","RFA","$818,333","$775,000"
"305","305. Keith Petruzzelli","TOR",25,"G","Left",0,"-","-","-","-","-","-","-","-","0","0","0","0.00",".000","","RFA","$817,500","$855,000"
"306","306. Milos Kelemen","UTA",24,"RW","Left",10,"0","1","1","0.10","-2","5","0.00","07:40","-","-","-","-","-","","RFA","$817,500","$830,000"
"307","307. Nikita Alexandrov","STL",23,"C","Left",23,"0","2","2","0.09","-4","15","0.00","08:31","-","-","-","-","-","","RFA","$816,667","$832,500"
"308","308. Ben McCartney","UTA",22,"LW","Left",0,"0","0","0","0.00","0","0","0.00","","-","-","-","-","-","","RFA","$813,333","$830,000"
"309","309. Dustin Wolf","CGY",23,"G","Left",17,"-","-","-","-","-","-","-","-","7","7","0","3.16",".893","","RFA","$813,333","$775,000"
"310","310. Patrick Giles","FLA",24,"C","Right",0,"0","0","0","0.00","0","0","0.00","","-","-","-","-","-","","RFA","$812,500","$825,000"
"311","311. Mikhail Abramov","STL",23,"C","Left",0,"0","0","0","0.00","0","0","0.00","","-","-","-","-","-","","RFA","$809,444","$775,000"
"312","312. James Hamblin","EDM",25,"RW, C","Left",31,"2","1","3","0.10","3","18","0.11","07:55","-","-","-","-","-","","RFA","$807,500","$820,000"
"313","313. Wyatt Bongiovanni","OTT",24,"C","Left",0,"0","0","0","0.00","0","0","0.00","","-","-","-","-","-","","RFA","$802,500","$815,000"
"314","314. Chad Ruhwedel","NYR",34,"RD","Right",52,"1","3","4","0.08","-6","35","0.03","12:41","-","-","-","-","-","","UFA","$800,000","$800,000"
"315","315. Steven Santini","LAK",29,"RD","Right",0,"0","0","0","0.00","0","0","0.00","","-","-","-","-","-","","UFA","$800,000","$800,000"
"316","316. Alex Stalock","ANA",36,"G","Left",0,"-","-","-","-","-","-","-","-","0","0","0","0.00",".000","","UFA","$800,000","$800,000"
"317","317. Cal Foote","NJD",25,"RD","Right",4,"0","1","1","0.25","3","0","0.00","14:46","-","-","-","-","-","","RFA","$800,000","$800,000"
"318","318. Mackenzie Entwistle","CHI",24,"LW, C","Right",67,"5","6","11","0.16","-29","66","0.08","11:23","-","-","-","-","-","","RFA","$800,000","$850,000"
"319","319. Yegor Chinakhov","CBJ",23,"RW, LW","Left",53,"16","13","29","0.55","-3","110","0.15","15:10","-","-","-","-","-","","RFA","$800,000","$800,000"
"320","320. Mike Hardman","CHI",25,"LW, RW","Left",0,"0","0","0","0.00","0","0","0.00","","-","-","-","-","-","","UFAGroup 6","$800,000","$850,000"
"321","321. Oskar Steen","BOS",26,"C, RW","Right",34,"1","0","1","0.03","-2","24","0.04","09:04","-","-","-","-","-","","UFAGroup 6","$800,000","$800,000"
"322","322. Travis Dermott","UTA",27,"LD/RD","Left",50,"2","5","7","0.14","-14","38","0.05","17:16","-","-","-","-","-","","UFA","$800,000","$800,000"
"323","323. Ryan Lomberg","FLA",29,"LW, RW","Left",75,"5","2","7","0.09","-1","68","0.07","09:32","-","-","-","-","-","","UFA","$800,000","$825,000"
"324","324. Connor Dewar","TOR",25,"LW, C","Left",74,"11","8","19","0.26","-8","77","0.14","11:39","-","-","-","-","-","","RFA","$800,000","$850,000"
"325","325. Reese Johnson","CHI",25,"RW, C","Right",42,"2","3","5","0.12","-20","51","0.04","10:55","-","-","-","-","-","","RFA","$800,000","$850,000"
"326","326. Hayden Hodgson","LAK",28,"RW","Right",0,"0","0","0","0.00","0","0","0.00","","-","-","-","-","-","","UFA","$800,000","$800,000"
"327","327. Blake Wheeler","NYR",37,"RW","Right",54,"9","12","21","0.39","2","83","0.11","12:43","-","-","-","-","-","NTC","UFA","$800,000","$800,000"
"328","328. Andreas Johnsson","-",29,"LW, RW","Left",0,"0","0","0","0.00","0","0","0.00","","-","-","-","-","-","","UFA","$800,000","$800,000"
"329","329. Tyler Motte","TBL",29,"LW, RW","Left",69,"6","3","9","0.13","-8","83","0.07","12:26","-","-","-","-","-","","UFA","$800,000","$800,000"
"330","330. Kyle MacLean","NYI",25,"LW, C","Left",32,"4","5","9","0.28","5","26","0.15","10:05","-","-","-","-","-","","RFA","$800,000","$800,000"
"331","331. Nick Bonino","-",36,"C, LW","Left",45,"1","4","5","0.11","-12","31","0.03","12:15","-","-","-","-","-","","UFA","$800,000","$800,000"
"332","332. Mark Giordano","TOR",40,"LD","Left",46,"3","6","9","0.20","10","59","0.05","16:37","-","-","-","-","-","","UFA","$800,000","$800,000"
"333","333. Joey Anderson","CHI",26,"RW","Right",55,"5","12","17","0.31","5","57","0.09","13:32","-","-","-","-","-","","RFA","$800,000","$800,000"
"334","334. Otto Koivula","NYI",25,"LW, RW, C","Left",0,"0","0","0","0.00","0","0","0.00","","-","-","-","-","-","","UFAGroup 6","$800,000","$850,000"
"335","335. Joe Snively","WSH",28,"LW","Left",3,"0","0","0","0.00","-1","0","0.00","08:20","-","-","-","-","-","","UFA","$800,000","$850,000"
"336","336. Matthew Robertson","NYR",23,"LD","Left",0,"0","0","0","0.00","0","0","0.00","","-","-","-","-","-","","RFA","$797,500","$800,000"
"337","337. Nicholas Robertson","TOR",22,"LW, RW","Left",56,"14","13","27","0.48","4","96","0.15","11:22","-","-","-","-","-","","RFA","$796,667","$775,000"
"338","338. Luke Henman","SEA",24,"C","Left",0,"0","0","0","0.00","0","0","0.00","","-","-","-","-","-","","RFA","$791,667","$815,000"
"339","339. Blake Murray","CAR",22,"C","Left",0,"0","0","0","0.00","0","0","0.00","","-","-","-","-","-","","RFA","$791,667","$815,000"
"340","340. Griffin Mendel","CAR",25,"LD","Left",0,"0","0","0","0.00","0","0","0.00","","-","-","-","-","-","","RFA","$790,000","$790,000"
"341","341. Kaedan Korczak","VGK",23,"RD","Right",26,"1","8","9","0.35","12","32","0.03","16:30","-","-","-","-","-","","RFA","$789,167","$775,000"
"342","342. Dillon Hamaliuk","PIT",23,"LW","Left",0,"0","0","0","0.00","0","0","0.00","","-","-","-","-","-","","RFA","$789,167","$775,000"
"343","343. Vladislav Kolyachonok","UTA",23,"LD/RD","Left",5,"1","3","4","0.80","5","5","0.20","12:28","-","-","-","-","-","","RFA","$789,167","$775,000"
"344","344. Egor Afanasyev","NSH",23,"C, LW","Left",2,"0","0","0","0.00","-1","5","0.00","12:59","-","-","-","-","-","","RFA","$789,167","$775,000"
"345","345. Artemi Kniazev","WPG",23,"LD","Left",0,"0","0","0","0.00","0","0","0.00","","-","-","-","-","-","","RFA","$789,167","$775,000"
"346","346. Nikita Okhotiuk","CGY",23,"LD","Left",52,"1","8","9","0.17","-24","52","0.02","15:54","-","-","-","-","-","","RFA","$789,167","$775,000"
"347","347. Tyler Pitlick","NYR",32,"RW","Right",34,"1","3","4","0.12","-6","32","0.03","10:11","-","-","-","-","-","","UFA","$787,500","$787,500"
"348","348. Jared McIsaac","DET",24,"LD","Left",0,"0","0","0","0.00","0","0","0.00","","-","-","-","-","-","","RFA","$787,500","$787,500"
"349","349. T.J. Tynan","LAK",32,"C","Right",0,"0","0","0","0.00","0","0","0.00","","-","-","-","-","-","","UFA","$787,500","$775,000"
"350","350. Wyatt Newpower","DET",26,"RD","Right",0,"0","0","0","0.00","0","0","0.00","","-","-","-","-","-","","UFAGroup 6","$787,500","$787,500"
"351","351. Hunter Jones","MIN",23,"G","Left",0,"-","-","-","-","-","-","-","-","0","0","0","0.00",".000",NA,"RFA","$787,500","$787,500"
"352","352. Arturs Silovs","VAN",23,"G","Left",4,"-","-","-","-","-","-","-","-","3","0","0","2.47",".881",NA,"RFA","$786,111","$775,000"
"353","353. Wade Allison","NSH",26,"RW","Right",0,"0","0","0","0.00","0","0","0.00","","-","-","-","-","-",NA,"RFA","$785,000","$820,000"
"354","354. Magnus Hellberg","FLA",33,"G","Left",3,"-","-","-","-","-","-","-","-","1","0","0","2.52",".922",NA,"UFA","$785,000","$785,000"
"355","355. Marcus Kallionkieli","-",23,"C","Left",0,"0","0","0","0.00","0","0","0.00","","-","-","-","-","-",NA,"RFA","$784,722","$775,000"
"356","356. Austin Watson","TBL",32,"RW, LW","Right",33,"2","2","4","0.12","2","17","0.12","07:15","-","-","-","-","-",NA,"UFA","$776,665","$776,665"
"357","357. Joel Kiviranta","COL",28,"RW, LW","Left",56,"3","6","9","0.16","-1","48","0.06","09:50","-","-","-","-","-",NA,"UFA","$775,000","$775,000"
"358","358. Colton Poolman","CGY",28,"LD","Left",0,"0","0","0","0.00","0","0","0.00","","-","-","-","-","-",NA,"UFA","$775,000","$775,000"
"359","359. Devin Cooley","SJS",27,"G","Left",6,"-","-","-","-","-","-","-","-","2","3","0","4.98",".870",NA,"UFA","$775,000","$775,000"
"360","360. Sam Gagner","EDM",34,"RW, C","Right",28,"5","5","10","0.36","-2","48","0.10","10:12","-","-","-","-","-",NA,"UFA","$775,000","$775,000"
"361","361. Jayson Megna","BOS",34,"C, LW, RW","Right",1,"0","0","0","0.00","0","0","0.00","11:45","-","-","-","-","-",NA,"UFA","$775,000","$775,000"
"362","362. Matt Irwin","VAN",36,"LD/RD","Left",0,"0","0","0","0.00","0","0","0.00","","-","-","-","-","-",NA,"UFA","$775,000","$775,000"
"363","363. William Lagesson","ANA",28,"LD/RD","Left",40,"0","4","4","0.10","3","19","0.00","14:47","-","-","-","-","-",NA,"UFA","$775,000","$775,000"
"364","364. Sean Day","TBL",26,"LD","Left",0,"0","0","0","0.00","0","0","0.00","","-","-","-","-","-",NA,"UFAGroup 6","$775,000","$775,000"
"365","365. Zach Sawchenko","VAN",26,"G","Left",0,"-","-","-","-","-","-","-","-","0","0","0","0.00",".000",NA,"UFAGroup 6","$775,000","$775,000"
"366","366. Mikhail Maltsev","LAK",26,"C, LW","Left",0,"0","0","0","0.00","0","0","0.00","","-","-","-","-","-",NA,"UFAGroup 6","$775,000","$775,000"
"367","367. Nolan Stevens","-",27,"C","Left",0,"0","0","0","0.00","0","0","0.00","","-","-","-","-","-",NA,"UFA","$775,000","$775,000"
"368","368. Marian Studenic","SEA",25,"LW, RW","Left",2,"0","0","0","0.00","-1","1","0.00","08:06","-","-","-","-","-",NA,"UFAGroup 6","$775,000","$775,000"
"369","369. Mason Shaw","MIN",25,"LW, C","Left",20,"1","2","3","0.15","0","21","0.05","08:11","-","-","-","-","-",NA,"RFA","$775,000","$775,000"
"370","370. Joshua Dunne","CBJ",25,"C","Right",0,"0","0","0","0.00","0","0","0.00","","-","-","-","-","-",NA,"UFAGroup 6","$775,000","$775,000"
"371","371. Dmitri Samorukov","PIT",25,"LD","Left",0,"0","0","0","0.00","0","0","0.00","","-","-","-","-","-",NA,"UFAGroup 6","$775,000","$775,000"
"372","372. Kyle Criscuolo","NJD",32,"C","Right",0,"0","0","0","0.00","0","0","0.00","","-","-","-","-","-",NA,"UFA","$775,000","$775,000"
"373","373. Nikolas Brouillard","NYR",29,"D","Left",0,"0","0","0","0.00","0","0","0.00","","-","-","-","-","-",NA,"UFA","$775,000","$775,000"
"374","374. Jan Jeník","UTA",23,"C","Left",5,"0","1","1","0.20","-1","2","0.00","08:22","-","-","-","-","-",NA,"RFA","$775,000","$775,000"
"375","375. Kevin Mandolese","OTT",23,"G","Left",0,"-","-","-","-","-","-","-","-","0","0","0","0.00",".000",NA,"RFA","$775,000","$775,000"
"376","376. Cole Koepke","TBL",26,"LW, RW","Left",9,"0","2","2","0.22","0","9","0.00","06:42","-","-","-","-","-",NA,"UFAGroup 6","$775,000","$775,000"
"377","377. Andrew Agozzino","ANA",33,"C, LW","Left",0,"0","0","0","0.00","0","0","0.00","","-","-","-","-","-",NA,"UFA","$775,000","$775,000"
"378","378. Connor Brown","EDM",30,"RW, LW","Right",71,"4","8","12","0.17","-8","108","0.04","12:47","-","-","-","-","-",NA,"UFA","$775,000","$775,000"
"379","379. Oscar Dansk","CGY",30,"G","Left",0,"-","-","-","-","-","-","-","-","0","0","0","0.00",".000",NA,"UFA","$775,000","$775,000"
"380","380. Calvin De Haan","TBL",33,"LD/RD","Left",59,"3","7","10","0.17","-9","56","0.05","16:37","-","-","-","-","-",NA,"UFA","$775,000","$775,000"
"381","381. Adam Erne","EDM",29,"LW, RW","Left",24,"1","1","2","0.08","0","13","0.08","07:49","-","-","-","-","-",NA,"UFA","$775,000","$775,000"
"382","382. Rasmus Asplund","FLA",26,"LW, C","Left",0,"0","0","0","0.00","0","0","0.00","","-","-","-","-","-",NA,"RFA","$775,000","$775,000"
"383","383. Maxime Lajoie","TOR",26,"LD","Left",7,"0","1","1","0.14","1","1","0.00","12:43","-","-","-","-","-",NA,"RFA","$775,000","$775,000"
"384","384. Matthew Phillips","WSH",26,"RW, C","Right",31,"1","4","5","0.16","-3","21","0.05","10:10","-","-","-","-","-",NA,"UFAGroup 6","$775,000","$775,000"
"385","385. Garrett Pilon","OTT",26,"C","Right",0,"0","0","0","0.00","0","0","0.00","","-","-","-","-","-",NA,"UFAGroup 6","$775,000","$775,000"
"386","386. Nathan Clurman","COL",26,"RD","Right",0,"0","0","0","0.00","0","0","0.00","","-","-","-","-","-",NA,"UFAGroup 6","$775,000","$775,000"
"387","387. Jesper Boqvist","BOS",25,"C, LW","Left",47,"6","8","14","0.30","12","51","0.12","11:09","-","-","-","-","-",NA,"RFA","$775,000","$775,000"
"388","388. Matthew Highmore","OTT",28,"LW, RW","Left",7,"0","2","2","0.29","0","1","0.00","07:42","-","-","-","-","-",NA,"UFA","$775,000","$775,000"
"389","389. Carson Meyer","CBJ",26,"RW","Right",14,"1","1","2","0.14","-2","10","0.10","09:07","-","-","-","-","-",NA,"UFAGroup 6","$775,000","$775,000"
"390","390. Philippe Maillet","MTL",31,"C","Left",0,"0","0","0","0.00","0","0","0.00","","-","-","-","-","-",NA,"UFA","$775,000","$775,000"
"391","391. Egor Sokolov","OTT",24,"LW","Right",0,"0","0","0","0.00","0","0","0.00","","-","-","-","-","-",NA,"RFA","$775,000","$775,000"
"392","392. Kiefer Sherwood","NSH",29,"LW, RW","Right",68,"10","17","27","0.40","17","110","0.09","12:10","-","-","-","-","-",NA,"UFA","$775,000","$775,000"
"393","393. Justin Richards","BUF",26,"C, RW","Right",0,"0","0","0","0.00","0","0","0.00","","-","-","-","-","-",NA,"UFAGroup 6","$775,000","$775,000"
"394","394. Ben Meyers","ANA",25,"LW, C","Left",23,"1","2","3","0.13","-4","12","0.08","10:06","-","-","-","-","-",NA,"UFAGroup 6","$775,000","$775,000"
"395","395. Alex Limoges","WSH",26,"C, LW","Left",0,"0","0","0","0.00","0","0","0.00","","-","-","-","-","-",NA,"RFA","$775,000","$775,000"
"396","396. Jack Johnson","COL",37,"LD","Left",80,"3","13","16","0.20","15","76","0.04","14:55","-","-","-","-","-",NA,"UFA","$775,000","$775,000"
"397","397. Ryan Carpenter","SJS",33,"RW, C","Right",62,"5","7","12","0.19","-16","58","0.09","11:06","-","-","-","-","-",NA,"UFA","$775,000","$775,000"
"398","398. Vinnie Hinostroza","PIT",30,"RW, LW","Right",14,"1","2","3","0.21","-3","27","0.04","09:45","-","-","-","-","-",NA,"UFA","$775,000","$775,000"
"399","399. Rourke Chartier","OTT",28,"C","Left",37,"2","1","3","0.08","-4","40","0.05","10:46","-","-","-","-","-",NA,"UFA","$775,000","$775,000"
"400","400. Victor Mete","PHI",26,"LD/RD","Left",1,"0","0","0","0.00","0","0","0.00","10:52","-","-","-","-","-",NA,"UFA","$775,000","$775,000"
"401","401. Brett Murray","BUF",25,"LW","Left",2,"0","0","0","0.00","-1","1","0.00","07:58","-","-","-","-","-",NA,"UFAGroup 6","$775,000","$775,000"
"402","402. Evan Cormier","FLA",26,"G","Left",0,"-","-","-","-","-","-","-","-","0","0","0","0.00",".000",NA,"RFA","$775,000","$775,000"
"403","403. Ryan Shea","PIT",27,"LD","Left",31,"1","0","1","0.03","1","17","0.06","12:37","-","-","-","-","-",NA,"UFA","$775,000","$775,000"
"404","404. Bokondji Imama","OTT",27,"LW","Left",6,"0","0","0","0.00","1","1","0.00","05:35","-","-","-","-","-",NA,"UFA","$775,000","$775,000"
"405","405. Chase Priskie","WSH",28,"RD","Right",0,"0","0","0","0.00","0","0","0.00","","-","-","-","-","-",NA,"UFA","$775,000","$775,000"
"406","406. Zach Aston-Reese","DET",29,"LW, RW","Left",3,"0","0","0","0.00","0","1","0.00","05:09","-","-","-","-","-",NA,"UFA","$775,000","$775,000"
"407","407. Kyle Keyser","BOS",25,"G","Left",0,"-","-","-","-","-","-","-","-","0","0","0","0.00",".000",NA,"UFAGroup 6","$775,000","$775,000"
"408","408. Ian Mitchell","BOS",25,"RD","Right",13,"0","2","2","0.15","6","11","0.00","15:18","-","-","-","-","-",NA,"RFA","$775,000","$775,000"
"409","409. Nick Swaney","MIN",26,"RW","Right",0,"0","0","0","0.00","0","0","0.00","","-","-","-","-","-",NA,"UFAGroup 6","$775,000","$775,000"
"410","410. Collin Delia","WPG",30,"G","Left",0,"-","-","-","-","-","-","-","-","0","0","0","0.00",".000",NA,"UFA","$775,000","$775,000"
"411","411. Samuel Fagemo","LAK",24,"LW, RW","Right",8,"1","0","1","0.13","-1","13","0.08","09:11","-","-","-","-","-",NA,"RFA","$775,000","$775,000"
"412","412. Mitch Reinke","SEA",28,"RD","Right",0,"0","0","0","0.00","0","0","0.00","","-","-","-","-","-",NA,"UFA","$775,000","$775,000"
"413","413. Justin Richards","BUF",26,"C, RW","Right",0,"0","0","0","0.00","0","0","0.00","","-","-","-","-","-",NA,"UFAGroup 6","$775,000","$775,000"
"414","414. Ben Meyers","ANA",25,"LW, C","Left",23,"1","2","3","0.13","-4","12","0.08","10:06","-","-","-","-","-",NA,"UFAGroup 6","$775,000","$775,000"
"415","415. Alex Limoges","WSH",26,"C, LW","Left",0,"0","0","0","0.00","0","0","0.00","","-","-","-","-","-",NA,"RFA","$775,000","$775,000"
"416","416. Corey Perry","EDM",39,"RW","Right",54,"12","10","22","0.41","-6","82","0.15","13:22","-","-","-","-","-",NA,"UFA","$775,000","$775,000"
"417","417. Michael Hutchinson","DET",34,"G","Right",1,"-","-","-","-","-","-","-","-","0","1","0","3.16",".917",NA,"UFA","$775,000","$775,000"
"418","418. Derrick Pouliot","DAL",30,"LD","Left",5,"0","0","0","0.00","-1","5","0.00","12:08","-","-","-","-","-",NA,"UFA","$775,000","$775,000"
"419","419. Aaron Dell","LAK",35,"G","Left",0,"-","-","-","-","-","-","-","-","0","0","0","0.00",".000",NA,"UFA","$775,000","$775,000"
"420","420. Chris Tierney","NJD",30,"C","Left",52,"4","8","12","0.23","3","26","0.15","09:01","-","-","-","-","-",NA,"UFA","$775,000","$775,000"
"421","421. Zane McIntyre","MIN",31,"G","Left",0,"-","-","-","-","-","-","-","-","0","0","0","0.00",".000",NA,"UFA","$775,000","$775,000"
"422","422. Logan Brown","TBL",26,"C, LW","Left",0,"0","0","0","0.00","0","0","0.00","","-","-","-","-","-",NA,"RFA","$775,000","$775,000"
"423","423. Anthony Richard","BOS",27,"LW, RW","Left",9,"1","2","3","0.33","0","6","0.17","10:36","-","-","-","-","-",NA,"UFA","$775,000","$775,000"
"424","424. Fredrik Karlström","DAL",26,"C","Left",0,"0","0","0","0.00","0","0","0.00","","-","-","-","-","-",NA,"UFAGroup 6","$775,000","$775,000"
"425","425. Matt Murray","DAL",26,"G","Left",1,"-","-","-","-","-","-","-","-","1","0","1","0.00","1.000",NA,"RFA","$775,000","$775,000"
"426","426. Joseph Cecconi","BUF",27,"RD","Right",0,"0","0","0","0.00","0","0","0.00","","-","-","-","-","-",NA,"UFA","$775,000","$775,000"
"427","427. Josh Currie","OTT",31,"RW, C","Right",0,"0","0","0","0.00","0","0","0.00","","-","-","-","-","-",NA,"UFA","$775,000","$775,000"
"428","428. Kole Lind","SEA",25,"RW","Right",1,"0","0","0","0.00","0","0","0.00","05:59","-","-","-","-","-",NA,"UFAGroup 6","$775,000","$775,000"
"429","429. Gavin Bayreuther","DAL",30,"LD/RD","Left",0,"0","0","0","0.00","0","0","0.00","","-","-","-","-","-",NA,"UFA","$775,000","$775,000"
"430","430. Brett Leason","ANA",25,"RW","Right",68,"11","11","22","0.32","-7","91","0.12","13:00","-","-","-","-","-",NA,"RFA","$775,000","$800,000"
"431","431. Ty Emberson","SJS",24,"RD","Right",30,"1","9","10","0.33","-4","31","0.03","18:32","-","-","-","-","-",NA,"RFA","$775,000","$775,000"
"432","432. Ty Smith","CAR",24,"LD/RD","Left",0,"0","0","0","0.00","0","0","0.00","","-","-","-","-","-",NA,"RFA","$775,000","$775,000"
"433","433. Yegor Zamula","PHI",24,"LD/RD","Left",66,"5","16","21","0.32","3","61","0.08","16:03","-","-","-","-","-",NA,"RFA","$775,000","$775,000"
"434","434. Nathan Smith","UTA",25,"C","Right",0,"0","0","0","0.00","0","0","0.00","","-","-","-","-","-",NA,"UFAGroup 6","$775,000","$775,000"
"435","435. Shane Pinto","OTT",23,"C","Right",41,"9","18","27","0.66","9","110","0.08","18:06","-","-","-","-","-",NA,"RFA","$775,000","$775,000"
"436","436. Radim Zohorna","PIT",28,"LW, RW","Left",33,"4","3","7","0.21","0","38","0.11","09:45","-","-","-","-","-",NA,"UFA","$775,000","$775,000"
"437","437. Marc McLaughlin","BOS",24,"C","Right",1,"1","0","1","1.00","1","2","0.50","12:39","-","-","-","-","-",NA,"RFA","$775,000","$775,000"
"438","438. Ethen Frank","WSH",26,"C","Right",0,"0","0","0","0.00","0","0","0.00","","-","-","-","-","-",NA,"RFA","$775,000","$775,000"
"439","439. Joey Abate","BOS",25,"LW","Left",0,"0","0","0","0.00","0","0","0.00","","-","-","-","-","-",NA,"RFA","$775,000","$775,000"
"440","440. Trevor Lewis","LAK",37,"RW, C","Right",82,"8","8","16","0.20","7","130","0.06","11:38","-","-","-","-","-",NA,"UFA","$775,000","$775,000"
"441","441. Connor Carrick","SEA",30,"RD","Right",0,"0","0","0","0.00","0","0","0.00","","-","-","-","-","-",NA,"UFA","$775,000","$775,000"
"442","442. Pierre-Édouard Bellemare","SEA",39,"C, LW","Left",40,"4","3","7","0.18","4","36","0.11","09:50","-","-","-","-","-",NA,"UFA","$775,000","$775,000"
"443","443. Malcolm Subban","CBJ",30,"G","Left",1,"-","-","-","-","-","-","-","-","0","1","0","3.00",".914",NA,"UFA","$775,000","$775,000"
"444","444. Ashton Sautner","WPG",30,"LD","Left",0,"0","0","0","0.00","0","0","0.00","","-","-","-","-","-",NA,"UFA","$775,000","$775,000"
"445","445. Colin White","MTL",27,"C, RW","Right",28,"0","0","0","0.00","-5","16","0.00","09:31","-","-","-","-","-",NA,"UFA","$775,000","$775,000"
"446","446. Alexander Nylander","CBJ",26,"RW, LW","Right",28,"11","4","15","0.54","-1","72","0.15","16:14","-","-","-","-","-",NA,"RFA","$775,000","$775,000"
"447","447. Dylan Gambrell","TOR",27,"C","Right",0,"0","0","0","0.00","0","0","0.00","","-","-","-","-","-",NA,"UFA","$775,000","$775,000"
"448","448. Jeremy Davies","BUF",27,"LD","Left",0,"0","0","0","0.00","0","0","0.00","","-","-","-","-","-",NA,"UFA","$775,000","$775,000"
"449","449. Matt Luff","DET",27,"RW","Right",0,"0","0","0","0.00","0","0","0.00","","-","-","-","-","-",NA,"UFA","$775,000","$775,000"
"450","450. Reilly Walsh","BOS",25,"RD","Right",0,"0","0","0","0.00","0","0","0.00","","-","-","-","-","-",NA,"UFAGroup 6","$775,000","$775,000"
"451","451. Scott Reedy","DAL",25,"C","Right",0,"0","0","0","0.00","0","0","0.00","","-","-","-","-","-",NA,"UFAGroup 6","$775,000","$775,000"
"452","452. Jiri Patera","VGK",25,"G","Left",6,"-","-","-","-","-","-","-","-","1","3","0","3.99",".893",NA,"UFAGroup 6","$775,000","$775,000"
"453","453. Declan Chisholm","MIN",24,"LD/RD","Left",31,"3","6","9","0.29","-7","29","0.10","16:31","-","-","-","-","-",NA,"RFA","$775,000","$775,000"
"454","454. David Gustafsson","WPG",24,"LW, C","Left",39,"3","4","7","0.18","1","27","0.11","09:15","-","-","-","-","-",NA,"RFA","$775,000","$775,000"
"455","455. Riley Sutter","WSH",24,"RW","Right",0,"0","0","0","0.00","0","0","0.00","","-","-","-","-","-",NA,"RFA","$775,000","$775,000"
"456","456. Mathias Emilio Pettersen","DAL",24,"C","Left",0,"0","0","0","0.00","0","0","0.00","","-","-","-","-","-",NA,"RFA","$775,000","$775,000"
"457","457. Brady Keeper","MTL",28,"RD","Right",0,"0","0","0","0.00","0","0","0.00","","-","-","-","-","-",NA,"UFA","$775,000","$775,000"
"458","458. Luke Philp","CHI",28,"C","Right",0,"0","0","0","0.00","0","0","0.00","","-","-","-","-","-",NA,"UFA","$775,000","$775,000"
"459","459. Jimmy Schuldt","SEA",29,"LD","Left",0,"0","0","0","0.00","0","0","0.00","","-","-","-","-","-",NA,"UFA","$775,000","$775,000"
"460","460. Corey Schueneman","COL",28,"LD/RD","Left",0,"0","0","0","0.00","0","0","0.00","","-","-","-","-","-",NA,"UFA","$775,000","$775,000"
"461","461. Wyatt Aamodt","COL",26,"LD","Left",0,"0","0","0","0.00","0","0","0.00","","-","-","-","-","-",NA,"RFA","$775,000","$775,000"
"462","462. Gustavs Grigals","NSH",25,"G","Left",0,"-","-","-","-","-","-","-","-","0","0","0","0.00",".000",NA,"RFA","$775,000","$775,000"
"463","463. Steven Kampfer","UTA",35,"RD","Right",0,"0","0","0","0.00","0","0","0.00","","-","-","-","-","-",NA,"UFA","$775,000","$775,000"
"464","464. Devin Shore","SEA",29,"LW, C, RW","Left",21,"1","3","4","0.19","3","15","0.07","08:00","-","-","-","-","-",NA,"UFA","$775,000","$775,000"
"465","465. Dakota Mermis","MIN",30,"LD/RD","Left",47,"3","5","8","0.17","-2","42","0.07","14:05","-","-","-","-","-",NA,"UFA","$775,000","$775,000"
"466","466. Kale Clague","BUF",26,"LD/RD","Left",3,"0","1","1","0.33","0","2","0.00","12:16","-","-","-","-","-",NA,"RFA","$775,000","$775,000"
"467","467. Riley Tufte","COL",26,"LW","Left",5,"1","1","2","0.40","-2","7","0.14","11:07","-","-","-","-","-",NA,"UFAGroup 6","$775,000","$775,000"
"468","468. Casey Fitzgerald","FLA",27,"RD","Right",0,"0","0","0","0.00","0","0","0.00","","-","-","-","-","-",NA,"UFA","$775,000","$775,000"
"469","469. Nicholas Caamano","DAL",25,"LW, RW","Left",0,"0","0","0","0.00","0","0","0.00","","-","-","-","-","-",NA,"UFAGroup 6","$775,000","$775,000"
"470","470. Fredrik Olofsson","COL",28,"C, LW","Left",57,"3","6","9","0.16","-5","45","0.07","09:45","-","-","-","-","-",NA,"UFA","$775,000","$775,000"
"471","471. Adam Gaudette","STL",27,"C, RW","Right",2,"0","0","0","0.00","0","0","0.00","09:48","-","-","-","-","-",NA,"UFA","$775,000","$775,000"
"472","472. John Hayden","SEA",29,"C, LW, RW","Right",2,"0","0","0","0.00","-1","1","0.00","06:43","-","-","-","-","-",NA,"UFA","$775,000","$775,000"
"473","473. Jacob Peterson","SJS",24,"LW, C","Left",6,"0","0","0","0.00","-3","3","0.00","13:15","-","-","-","-","-",NA,"RFA","$775,000","$775,000"
"474","474. Benoit-Olivier Groulx","ANA",24,"C","Left",45,"0","2","2","0.04","-9","32","0.00","12:11","-","-","-","-","-",NA,"RFA","$775,000","$775,000"
"475","475. Riley Damiani","CGY",24,"C","Right",0,"0","0","0","0.00","0","0","0.00","","-","-","-","-","-",NA,"RFA","$775,000","$775,000"
"476","476. Karson Kuhlman","NYI",28,"RW","Right",0,"0","0","0","0.00","0","0","0.00","","-","-","-","-","-",NA,"UFA","$775,000","$775,000"
"477","477. Jasper Weatherby","NSH",26,"C","Left",0,"0","0","0","0.00","0","0","0.00","","-","-","-","-","-",NA,"UFAGroup 6","$775,000","$775,000"
"478","478. Jacob Lucchini","MIN",29,"RW, C, LW","Left",40,"2","3","5","0.13","-3","22","0.09","09:35","-","-","-","-","-",NA,"UFA","$775,000","$775,000"
"479","479. Jujhar Khaira","MIN",29,"LW, C","Left",1,"0","0","0","0.00","0","1","0.00","08:05","-","-","-","-","-",NA,"UFA","$775,000","$775,000"
"480","480. Liam O'Brien","UTA",29,"LW, RW","Left",75,"5","9","14","0.19","0","72","0.07","09:43","-","-","-","-","-",NA,"UFA","$775,000","$800,000"
"481","481. Keith Kinkaid","NJD",34,"G","Left",0,"-","-","-","-","-","-","-","-","0","0","0","0.00",".000",NA,"UFA","$775,000","$775,000"
"482","482. Dustin Tokarski","BUF",34,"G","Left",0,"-","-","-","-","-","-","-","-","0","0","0","0.00",".000",NA,"UFA","$775,000","$775,000"
"483","483. Felix Sandström","PHI",27,"G","Left",5,"-","-","-","-","-","-","-","-","1","2","0","3.88",".823",NA,"UFA","$775,000","$800,000"
"484","484. Caleb Jones","COL",27,"LD/RD","Left",25,"0","5","5","0.20","4","19","0.00","12:12","-","-","-","-","-",NA,"UFA","$775,000","$775,000"
"485","485. Will Butcher","MIN",29,"LD","Left",0,"0","0","0","0.00","0","0","0.00","","-","-","-","-","-",NA,"UFA","$775,000","$775,000"
"486","486. Maxime Comtois","CAR",25,"LW","Left",1,"0","1","1","1.00","0","1","0.00","13:04","-","-","-","-","-",NA,"RFA","$775,000","$775,000"
"487","487. Eetu Mäkiniemi","SJS",25,"G","Left",0,"-","-","-","-","-","-","-","-","0","0","0","0.00",".000",NA,"UFAGroup 6","$775,000","$775,000"
"488","488. Ivan Prosvetov","COL",25,"G","Left",11,"-","-","-","-","-","-","-","-","4","3","0","3.16",".895",NA,"UFAGroup 6","$775,000","$775,000"
"489","489. Matt Villalta","UTA",25,"G","Left",2,"-","-","-","-","-","-","-","-","0","1","0","4.23",".828",NA,"UFAGroup 6","$775,000","$775,000"
"490","490. Wyatt Kalynuk","STL",27,"LD","Left",0,"0","0","0","0.00","0","0","0.00","","-","-","-","-","-",NA,"UFA","$775,000","$775,000"
"491","491. Jett Woo","VAN",23,"RD","Right",0,"0","0","0","0.00","0","0","0.00","","-","-","-","-","-",NA,"RFA","$775,000","$775,000"
"492","492. Jacob Ingham","LAK",24,"G","Left",0,"-","-","-","-","-","-","-","-","0","0","0","0.00",".000",NA,"RFA","$775,000","$775,000"
"493","493. Mac Hollowell","NYR",25,"RD","Right",0,"0","0","0","0.00","0","0","0.00","","-","-","-","-","-",NA,"UFAGroup 6","$775,000","$775,000"
"494","494. Alex True","FLA",26,"C, RW","Left",0,"0","0","0","0.00","0","0","0.00","","-","-","-","-","-",NA,"UFAGroup 6","$775,000","$775,000"
"495","495. Gerald Mayhew","FLA",31,"C, RW","Right",0,"0","0","0","0.00","0","0","0.00","","-","-","-","-","-",NA,"UFA","$775,000","$775,000"
"496","496. Jerad Rosburg","DAL",28,"LD","Left",0,"0","0","0","0.00","0","0","0.00","","-","-","-","-","-",NA,"UFA","$775,000","$775,000"
"497","497. Alex Petrovic","DAL",32,"RD","Right",1,"0","0","0","0.00","-1","2","0.00","12:52","-","-","-","-","-",NA,"UFA","$775,000","$775,000"
"498","498. Troy Grosenick","NSH",34,"G","Left",0,"-","-","-","-","-","-","-","-","0","0","0","0.00",".000",NA,"UFA","$775,000","$775,000"
"499","499. Robert Hägg","ANA",29,"LD","Left",5,"0","0","0","0.00","-4","6","0.00","12:47","-","-","-","-","-",NA,"UFA","$775,000","$775,000"
"500","500. Mark Pysyk","CGY",32,"RD","Right",0,"0","0","0","0.00","0","0","0.00","","-","-","-","-","-",NA,"UFA","$775,000","$775,000"
"501","501. Trevor Carrick","ANA",29,"LD","Left",0,"0","0","0","0.00","0","0","0.00","","-","-","-","-","-",NA,"UFA","$775,000","$775,000"
"502","502. Justin Bailey","SJS",29,"RW","Right",59,"5","9","14","0.24","-15","70","0.07","11:16","-","-","-","-","-",NA,"UFA","$775,000","$775,000"
"503","503. Josh Jacobs","STL",28,"RD","Right",0,"0","0","0","0.00","0","0","0.00","","-","-","-","-","-",NA,"UFA","$775,000","$775,000"
"504","504. Mitchell Stephens","MTL",27,"C","Right",23,"2","1","3","0.13","2","16","0.13","09:03","-","-","-","-","-",NA,"UFA","$775,000","$775,000"
"505","505. Danton Heinen","BOS",28,"LW, RW","Left",74,"17","19","36","0.49","16","119","0.14","14:27","-","-","-","-","-",NA,"UFA","$775,000","$775,000"
"506","506. Cam Dineen","EDM",26,"LD","Left",0,"0","0","0","0.00","0","0","0.00","","-","-","-","-","-",NA,"UFAGroup 6","$775,000","$775,000"
"507","507. Travis Barron","UTA",25,"LW","Left",0,"0","0","0","0.00","0","0","0.00","","-","-","-","-","-",NA,"UFAGroup 6","$775,000","$775,000"
"508","508. Brian Pinho","NYI",29,"C, RW","Right",0,"0","0","0","0.00","0","0","0.00","","-","-","-","-","-",NA,"UFA","$775,000","$775,000"
"509","509. Lias Andersson","MTL",25,"C, LW","Left",0,"0","0","0","0.00","0","0","0.00","","-","-","-","-","-",NA,"RFA","$775,000","$775,000"
"510","510. Jaret Anderson-Dolan","NSH",24,"C, LW, RW","Left",31,"1","3","4","0.13","-5","31","0.03","11:02","-","-","-","-","-",NA,"RFA","$775,000","$775,000"
"511","511. Jake Christiansen","CBJ",24,"LD/RD","Left",12,"0","2","2","0.17","-5","7","0.00","13:13","-","-","-","-","-",NA,"RFA","$775,000","$775,000"
"512","512. Cameron Crotty","UTA",25,"RD","Right",1,"0","0","0","0.00","-1","0","0.00","10:03","-","-","-","-","-",NA,"UFAGroup 6","$775,000","$775,000"
"513","513. Benjamin Jones","CGY",25,"C","Left",0,"0","0","0","0.00","0","0","0.00","","-","-","-","-","-",NA,"UFAGroup 6","$775,000","$775,000"
"514","514. Ryan McGregor","UTA",25,"C","Left",0,"0","0","0","0.00","0","0","0.00","","-","-","-","-","-",NA,"UFAGroup 6","$775,000","$775,000"
"515","515. Linus Weissbach","BUF",26,"LW, RW","Left",0,"0","0","0","0.00","0","0","0.00","","-","-","-","-","-",NA,"UFAGroup 6","$775,000","$775,000"
"516","516. Jesse Ylönen","MTL",24,"RW, LW","Right",59,"4","4","8","0.14","2","50","0.08","10:14","-","-","-","-","-",NA,"RFA","$775,000","$775,000"
"517","517. Tyler Madden","LAK",24,"C","Right",0,"0","0","0","0.00","0","0","0.00","","-","-","-","-","-",NA,"RFA","$775,000","$775,000"
"518","518. Alec Regula","BOS",23,"RD","Right",0,"0","0","0","0.00","0","0","0.00","","-","-","-","-","-",NA,"RFA","$775,000","$775,000"
"519","519. John Leonard","UTA",25,"LW, RW","Left",6,"1","0","1","0.17","-1","5","0.20","06:52","-","-","-","-","-",NA,"UFAGroup 6","$775,000","$775,000"
"520","520. Jeffrey Viel","WPG",27,"LW","Left",0,"0","0","0","0.00","0","0","0.00","","-","-","-","-","-",NA,"UFA","$775,000","$775,000"
"521","521. Callahan Burke","CAR",27,"C, RW","Right",1,"0","0","0","0.00","0","0","0.00","07:06","-","-","-","-","-",NA,"UFA","$775,000","$775,000"
"522","522. Brandon Bussi","BOS",26,"G","Right",0,"-","-","-","-","-","-","-","-","0","0","0","0.00",".000",NA,"RFA","$775,000","$775,000"
"523","523. Marcus Bjork","CBJ",26,"RD","Right",0,"0","0","0","0.00","0","0","0.00","","-","-","-","-","-",NA,"RFA","$775,000","$775,000"
"524","524. Tyler Wotherspoon","NJD",31,"LD","Left",0,"0","0","0","0.00","0","0","0.00","","-","-","-","-","-",NA,"UFA","$762,500","$775,000"
"525","525. Chris Wideman","MTL",34,"RD","Right",0,"0","0","0","0.00","0","0","0.00","","-","-","-","-","-",NA,"UFA","$762,500","$775,000"
"526","526. Kevin Connauton","LAK",34,"LD/RD","Left",0,"0","0","0","0.00","0","0","0.00","","-","-","-","-","-",NA,"UFA","$762,500","$775,000"
"527","527. Brendan Gaunce","CBJ",30,"LW, C","Left",24,"2","2","4","0.17","-7","24","0.08","11:44","-","-","-","-","-",NA,"UFA","$762,500","$775,000"
"528","528. Matthew Peca","STL",31,"LW, C","Left",0,"0","0","0","0.00","0","0","0.00","","-","-","-","-","-",NA,"UFA","$762,500","$775,000"
"529","529. Ken Appleby","NYI",29,"G","Left",1,"-","-","-","-","-","-","-","-","0","0","0","6.00",".750",NA,"UFA","$762,500","$775,000"
"530","530. Tanner Laczynski","PHI",27,"RW, C","Right",0,"0","0","0","0.00","0","0","0.00","","-","-","-","-","-",NA,"UFA","$762,500","$775,000"
"531","531. Calle Rosén","STL",30,"LD","Left",6,"0","1","1","0.17","-1","5","0.00","12:39","-","-","-","-","-",NA,"UFA","$762,500","$775,000"
"532","532. Kyle Clifford","TOR",33,"LW","Left",0,"0","0","0","0.00","0","0","0.00","","-","-","-","-","-",NA,"UFA","$762,500","$775,000"
"533","533. Haydn Fleury","TBL",27,"LD/RD","Left",24,"1","4","5","0.21","5","25","0.04","16:07","-","-","-","-","-",NA,"UFA","$762,500","$775,000"
"534","534. Dennis Gilbert","CGY",27,"LD","Left",34,"1","6","7","0.21","-7","23","0.04","12:17","-","-","-","-","-",NA,"UFA","$762,500","$775,000"
"535","535. Will Bitten","STL",25,"RW, C","Right",0,"0","0","0","0.00","0","0","0.00","","-","-","-","-","-",NA,"UFAGroup 6","$762,500","$775,000"
"536","536. Steven Fogarty","MIN",31,"C, RW","Right",0,"0","0","0","0.00","0","0","0.00","","-","-","-","-","-",NA,"UFA","$762,500","$775,000"
"537","537. Paul LaDue","NYI",31,"RD","Right",0,"0","0","0","0.00","0","0","0.00","","-","-","-","-","-",NA,"UFA","$762,500","$775,000"
"538","538. Glenn Gawdin","ANA",27,"C, RW","Right",1,"0","0","0","0.00","-1","0","0.00","07:35","-","-","-","-","-",NA,"UFA","$762,500","$775,000"
"539","539. Arnaud Durandeau","MTL",25,"LW","Left",0,"0","0","0","0.00","0","0","0.00","","-","-","-","-","-",NA,"UFAGroup 6","$762,500","$775,000"
"540","540. Parker Kelly","OTT",25,"LW","Left",80,"8","10","18","0.23","-8","86","0.09","11:42","-","-","-","-","-",NA,"RFA","$762,500","$775,000"
"541","541. David Gust","CHI",30,"RW","Right",0,"0","0","0","0.00","0","0","0.00","","-","-","-","-","-",NA,"UFA","$762,500","$775,000"
"542","542. Billy Sweezey","CBJ",28,"RD","Right",0,"0","0","0","0.00","0","0","0.00","","-","-","-","-","-",NA,"UFA","$762,500","$775,000"
"543","543. Roland McKeown","NSH",28,"RD","Right",0,"0","0","0","0.00","0","0","0.00","","-","-","-","-","-",NA,"UFA","$762,500","$775,000"
"544","544. Austin Czarnik","DET",31,"C, RW","Right",34,"0","1","1","0.03","-3","24","0.00","08:26","-","-","-","-","-",NA,"UFA","$762,500","$775,000"
"545","545. Kyle Capobianco","WPG",26,"LD","Left",0,"0","0","0","0.00","0","0","0.00","","-","-","-","-","-",NA,"UFAGroup 6","$762,500","$775,000"
"546","546. Beck Malenstyn","WSH",26,"C, LW","Left",81,"6","15","21","0.26","-1","98","0.06","14:14","-","-","-","-","-",NA,"RFA","$762,500","$775,000"
"547","547. AJ Greer","CGY",27,"RW, LW","Left",59,"6","6","12","0.20","-7","57","0.11","08:49","-","-","-","-","-",NA,"UFA","$762,500","$775,000"
"548","548. Greg McKegg","EDM",32,"C, LW","Left",0,"0","0","0","0.00","0","0","0.00","","-","-","-","-","-",NA,"UFA","$762,500","$775,000"
"549","549. Andrew Poturalski","SEA",30,"C","Right",2,"0","0","0","0.00","-1","0","0.00","06:52","-","-","-","-","-",NA,"UFA","$762,500","$775,000"
"550","550. Dennis Cholowski","NYI",26,"LD","Left",0,"0","0","0","0.00","0","0","0.00","","-","-","-","-","-",NA,"RFA","$762,500","$775,000"
"551","551. Vincent Desharnais","EDM",28,"RD","Right",78,"1","10","11","0.14","3","41","0.02","15:43","-","-","-","-","-",NA,"UFA","$762,500","$775,000"
"552","552. Jacob MacDonald","SJS",31,"LD/RD","Left",34,"7","2","9","0.26","-14","49","0.14","12:01","-","-","-","-","-",NA,"UFA","$762,500","$775,000"
"553","553. Matt Kiersted","FLA",26,"LD","Left",0,"0","0","0","0.00","0","0","0.00","","-","-","-","-","-",NA,"UFAGroup 6","$762,500","$775,000"
"554","554. Jaycob Megna","CHI",31,"LD","Left",44,"0","2","2","0.05","-15","28","0.00","17:31","-","-","-","-","-",NA,"UFA","$762,500","$775,000"
"555","555. Dillon Heatherington","OTT",29,"LD","Left",0,"0","0","0","0.00","0","0","0.00","","-","-","-","-","-",NA,"UFA","$762,500","$775,000"
"556","556. Spencer Smallman","COL",27,"RW","Right",0,"0","0","0","0.00","0","0","0.00","","-","-","-","-","-",NA,"UFA","$762,500","$775,000"
"557","557. Liam Foudy","NSH",24,"LW, C","Left",13,"0","3","3","0.23","-2","7","0.00","09:58","-","-","-","-","-",NA,"RFA","$762,500","$775,000"
"558","558. Sheldon Rempal","VGK",28,"LW, RW","Right",9,"2","1","3","0.33","-2","16","0.13","09:58","-","-","-","-","-",NA,"UFA","$762,500","$775,000"
"559","559. Brad Hunt","COL",35,"LD/RD","Left",0,"0","0","0","0.00","0","0","0.00","","-","-","-","-","-",NA,"UFA","$762,500","$775,000"
"560","560. Turner Elson","MIN",31,"LW","Left",0,"0","0","0","0.00","0","0","0.00","","-","-","-","-","-",NA,"UFA","$762,500","$775,000"
"561","561. Calvin Pickard","EDM",32,"G","Left",23,"-","-","-","-","-","-","-","-","12","7","1","2.45",".909",NA,"UFA","$762,500","$775,000"
"562","562. Nicolas Petan","NYR",29,"C, LW, RW","Left",6,"0","2","2","0.33","-2","11","0.00","10:50","-","-","-","-","-",NA,"UFA","$762,500","$775,000"
"563","563. Markus Niemeläinen","EDM",26,"LD","Left",0,"0","0","0","0.00","0","0","0.00","","-","-","-","-","-",NA,"UFAGroup 6","$762,500","$775,000"
"564","564. Daniel Renouf","BOS",30,"LD","Left",0,"0","0","0","0.00","0","0","0.00","","-","-","-","-","-",NA,"UFA","$762,500","$775,000"
"565","565. Jack Studnicka","SJS",25,"RW, C","Right",22,"1","0","1","0.05","-12","20","0.05","11:27","-","-","-","-","-",NA,"RFA","$762,500","$775,000"
"566","566. Nick DeSimone","NJD",29,"RD","Right",34,"2","5","7","0.21","3","28","0.07","13:28","-","-","-","-","-",NA,"UFA","$762,500","$775,000"
"567","567. Tyce Thompson","NYI",24,"RW","Right",0,"0","0","0","0.00","0","0","0.00","","-","-","-","-","-",NA,"RFA","$762,500","$775,000"
"568","568. Sheldon Dries","VAN",30,"C","Left",0,"0","0","0","0.00","0","0","0.00","","-","-","-","-","-",NA,"UFA","$762,500","$775,000"
"569","569. Jeff Malott","WPG",27,"LW","Left",0,"0","0","0","0.00","0","0","0.00","","-","-","-","-","-",NA,"UFA","$762,500","$775,000"
"570","570. Stefan Noesen","CAR",31,"LW, RW","Right",81,"14","23","37","0.46","13","111","0.13","11:51","-","-","-","-","-",NA,"UFA","$762,500","$775,000"
"571","571. Taylor Fedun","PIT",36,"RD","Right",0,"0","0","0","0.00","0","0","0.00","","-","-","-","-","-",NA,"UFA","$762,500","$775,000"
"572","572. Chase De Leo","ANA",28,"C, LW, RW","Left",0,"0","0","0","0.00","0","0","0.00","","-","-","-","-","-",NA,"UFA","$762,500","$775,000"
"573","573. Byron Froese","VGK",33,"C","Right",16,"0","1","1","0.06","-2","17","0.00","10:40","-","-","-","-","-",NA,"UFA","$762,500","$775,000"
"574","574. Michael Amadio","VGK",28,"RW, LW","Right",73,"14","13","27","0.37","4","117","0.12","13:23","-","-","-","-","-",NA,"UFA","$762,500","$775,000"
"575","575. Lucas Johansen","WSH",26,"LD","Left",6,"0","1","1","0.17","1","4","0.00","14:16","-","-","-","-","-",NA,"UFAGroup 6","$762,500","$775,000"
"576","576. Cooper Marody","PHI",27,"C, RW","Right",0,"0","0","0","0.00","0","0","0.00","","-","-","-","-","-",NA,"UFA","$762,500","$775,000"
"577","577. Jordan Gross","NSH",29,"RD","Right",0,"0","0","0","0.00","0","0","0.00","","-","-","-","-","-",NA,"UFA","$762,500","$775,000"
"578","578. Max McCormick","SEA",32,"LW","Left",1,"0","0","0","0.00","0","0","0.00","05:38","-","-","-","-","-",NA,"UFA","$762,500","$775,000"
"579","579. Adam Brooks","PHI",28,"C","Left",0,"0","0","0","0.00","0","0","0.00","","-","-","-","-","-",NA,"UFA","$762,500","$775,000"
"580","580. Colton White","ANA",27,"LD","Left",0,"0","0","0","0.00","0","0","0.00","","-","-","-","-","-",NA,"UFA","$762,500","$775,000"
"581","581. Cameron Hughes","SEA",27,"C, LW","Left",0,"0","0","0","0.00","0","0","0.00","","-","-","-","-","-",NA,"UFA","$762,500","$775,000"
"582","582. Brandon Biro","BUF",26,"LW","Left",5,"2","0","2","0.40","0","2","1.00","10:50","-","-","-","-","-",NA,"UFAGroup 6","$762,500","$775,000"
"583","583. Alex Barré-Boulet","TBL",27,"RW, LW","Left",36,"6","3","9","0.25","-9","46","0.13","11:11","-","-","-","-","-",NA,"UFA","$758,333","$775,000"
"584","584. Jet Greaves","CBJ",23,"G","Left",9,"-","-","-","-","-","-","-","-","3","6","0","3.50",".908",NA,"RFA","$758,333","$775,000"
"585","585. Boris Katchouk","OTT",26,"LW","Left",59,"7","6","13","0.22","-6","70","0.10","11:28","-","-","-","-","-",NA,"RFA","$758,333","$775,000"
"586","586. Taylor Raddysh","CHI",26,"RW","Right",73,"5","9","14","0.19","-19","120","0.04","15:52","-","-","-","-","-",NA,"RFA","$758,333","$775,000"
